Ticker,Title,Datetime,Source
dov,Dover price target lowered to $208 from $212 at JPMorgan,2025-01-15 12:41:47,TipRanks
dov,Dover acquires assets of Carter Day International’s petrochemical division,2025-01-13 21:25:49,TipRanks
dov,Dover acquires Dryer Manufacturer Technology for the Global Processing Industry,2025-01-13 21:23:48,Seeking Alpha
dov,Wells Fargo’s Harvey: Investors could be driving pricing strategy in stocks,2025-01-13 20:44:02,Seeking Alpha
dov,Dover price target lowered to $222 from $236 at Citi,2025-01-13 11:35:49,TipRanks
dov,Barclays Sticks to Its Hold Rating for Dover (DOV),2025-01-08 10:24:24,TipRanks
dov,Dover price target lowered to $200 from $205 at Wells Fargo,2025-01-07 13:57:12,TipRanks
dov,Dover (DOV) Receives a Hold from Wells Fargo,2025-01-07 11:42:05,TipRanks
dov,"Dover CFO Brad Cerepak To Retire In January 31, 2025; Names Christopher Woenker CFO",2024-12-10 02:02:59,RTTNews
dov,Dover Announces CFO Transition with Chris Woenker,2024-12-10 01:19:01,TipRanks
dov,Dover’s Promising Future: Strategic Growth and Stability Supported by Leadership Transition,2024-12-10 00:05:13,TipRanks
dov,Dover announces CFO retirement; names successor,2024-12-09 21:39:04,Seeking Alpha
dov,"Dover CFO Brad Cerepak to retire, Christopher Woenker to succeed",2024-12-09 21:35:40,TipRanks
dov,Trump Trade: Analyst moves to sidelines on Capital One after Trump rally,2024-12-09 16:20:43,TipRanks
dov,Dover price target raised to $236 from $226 at Citi,2024-12-09 11:47:05,TipRanks
dov,Dover price target raised to $205 from $190 at Barclays,2024-12-05 11:13:10,TipRanks
dov,Wells Fargo Keeps Their Hold Rating on Dover (DOV),2024-11-25 11:27:14,TipRanks
dov,Wells Fargo Keeps Their Hold Rating on Dover (DOV),2024-11-18 10:15:41,TipRanks
dov,Dover initiated with a Neutral at UBS,2024-11-13 10:25:16,TipRanks
dov,"Catalyst Watch: Alibaba earnings, Disney drama, CPI print, 13F filings and more election scrambling",2024-11-08 20:00:23,Seeking Alpha
dov,Dover declares $0.515 dividend,2024-11-08 10:35:51,Seeking Alpha
dov,Wells Fargo Keeps Their Hold Rating on Dover (DOV),2024-11-04 11:48:33,TipRanks
dov,Seaport Global Reaffirms Their Buy Rating on Dover (DOV),2024-10-29 12:38:06,TipRanks
dov,Dover upgraded to Outperform from Peer Perform at Wolfe Research,2024-10-28 08:50:06,TipRanks
dov,Dover Inc. Positioned for Growth: Buy Rating Backed by Strong Biopharma Performance and Optimistic Outlook for 2025,2024-10-25 16:16:13,TipRanks
dov,Bank of America Securities Reaffirms Their Buy Rating on Dover (DOV),2024-10-25 13:59:34,TipRanks
dov,Dover (DOV) Receives a Buy from Seaport Global,2024-10-25 12:16:25,TipRanks
dov,"Analysts’ Opinions Are Mixed on These Industrial Goods Stocks: Honeywell International (HON), Dover (DOV) and Northrop Grumman (NOC)",2024-10-25 12:03:12,TipRanks
dov,RBC Capital Keeps Their Hold Rating on Dover (DOV),2024-10-25 12:01:35,TipRanks
dov,Cautious Hold Rating for Dover Amid Mixed Performance and Future Growth Plans,2024-10-25 11:56:36,TipRanks
dov,Dover price target raised to $212 from $210 at JPMorgan,2024-10-25 11:36:28,TipRanks
dov,Dover (DOV) Receives a Rating Update from a Top Analyst,2024-10-25 10:48:37,TipRanks
dov,Dover Corporation: Positioned for Growth with Strong Performance and Strategic Initiatives,2024-10-24 19:45:09,TipRanks
dov,"Dover Corp Q3 Profit Increases, But Misses Estimates",2024-10-24 12:46:56,RTTNews
dov,Dover Sees Revenue and Earnings Growth in Q3 2024,2024-10-24 10:59:25,TipRanks
dov,"Dover reports Q3 adjusted EPS $2.27, consensus $2.29",2024-10-24 10:56:38,TipRanks
dov,Dover cuts FY24 adjusted EPS view to $8.08-$8.18 from $9.05-$9.20,2024-10-24 10:55:53,TipRanks
dov,"Dover Non-GAAP EPS of $2.27 beats by $0.09, revenue of $1.98B misses by $20M",2024-10-24 10:31:44,Seeking Alpha
dov,Here's the major earnings before the open tomorrow,2024-10-23 22:00:11,Seeking Alpha
dov,Dover Q3 2024 Earnings Preview,2024-10-23 17:17:40,Seeking Alpha
dov,Dover (DOV) Gets a Hold from Wells Fargo,2024-10-21 10:09:21,TipRanks
dov,Dover (DOV) Receives a Hold from RBC Capital,2024-10-18 01:47:42,TipRanks
dov,Dover’s Strategic Divestiture and Capital Allocation Drive Buy Rating,2024-10-17 09:25:40,TipRanks
dov,Wells Fargo Sticks to Its Hold Rating for Dover (DOV),2024-10-14 10:02:39,TipRanks
dov,Dover (DOV) Gets a Hold from Barclays,2024-10-11 07:47:03,TipRanks
dov,Wells Fargo Remains a Hold on Dover (DOV),2024-10-07 10:06:54,TipRanks
dov,Dover (DOV) Receives a Rating Update from a Top Analyst,2024-10-02 08:19:08,TipRanks
dov,Wells Fargo Keeps Their Hold Rating on Dover (DOV),2024-09-30 09:07:53,TipRanks
dov,Wells Fargo Remains a Hold on Dover (DOV),2024-09-23 09:17:03,TipRanks
dov,Wells Fargo Sticks to Their Hold Rating for Dover (DOV),2024-09-16 09:37:38,TipRanks
dov,Bank of America Securities Sticks to Its Buy Rating for Dover (DOV),2024-09-13 12:57:01,TipRanks
dov,Terex Receives U.S. Antitrust Approval For Acquisition Of Environmental Solutions Group From Dover,2024-09-10 13:47:02,RTTNews
dov,Wells Fargo Keeps Their Hold Rating on Dover (DOV),2024-09-09 09:47:30,TipRanks
dov,Wells Fargo Sticks to Their Hold Rating for Dover (DOV),2024-09-03 08:59:14,TipRanks
dov,"Analysts’ Top Industrial Goods Picks: XPO (XPO), Dover (DOV)",2024-08-27 08:52:26,TipRanks
dov,Dover’s Strategic Shift and MAAG Group’s Operational Excellence Justify Buy Rating and $210 Price Objective,2024-08-27 08:52:16,TipRanks
dov,Wells Fargo Remains a Hold on Dover (DOV),2024-08-26 08:47:14,TipRanks
dov,Dover (DOV) Receives a Hold from Wells Fargo,2024-08-20 09:10:34,TipRanks
dov,Dover Buys RF Device Provider Criteria Labs; Terms Not Disclosed,2024-08-19 13:23:53,RTTNews
dov,Dover adds to European cryogenic platform with new acquisitions,2024-08-12 11:19:08,Seeking Alpha
dov,Dover raises dividend by 1% to $0.515,2024-08-05 12:09:27,Seeking Alpha
dov,Wells Fargo Reaffirms Their Hold Rating on Dover (DOV),2024-07-29 10:19:50,TipRanks
dov,Dover’s Strong Q2 Performance and Strategic Moves Reinforce Buy Rating,2024-07-29 00:37:02,TipRanks
dov,Seaport Global Sticks to Its Buy Rating for Dover (DOV),2024-07-26 12:46:12,TipRanks
dov,Dover (DOV) Receives a Rating Update from a Top Analyst,2024-07-26 12:23:42,TipRanks
dov,RBC Capital Sticks to Its Hold Rating for Dover (DOV),2024-07-26 10:52:58,TipRanks
dov,Dover’s Robust Growth and Strategic Reshaping Justify Buy Rating,2024-07-25 20:15:49,TipRanks
dov,"DOV Stock Earnings: Dover Beats EPS, Beats Revenue for Q2 2024",2024-07-25 14:53:52,InvestorPlace
dov,"Dover Corp Q2 Profit Increases, Beats Estimates",2024-07-25 12:33:26,RTTNews
dov,"Dover Non-GAAP EPS of $2.36 beats by $0.15, revenue of $2.18B beats by $30M",2024-07-25 10:31:54,Seeking Alpha
dov,Dover Q2 2024 Earnings Preview,2024-07-24 16:28:47,Seeking Alpha
dov,Notable earnings before Thursday's open,2024-07-24 14:57:28,Seeking Alpha
dov,Dover (DOV) Receives a Rating Update from a Top Analyst,2024-07-23 07:28:13,TipRanks
dov,Dover’s Strategic Divestitures and Focused Growth Garner Buy Rating,2024-07-22 17:15:19,TipRanks
dov,Bank of America Securities Reaffirms Their Buy Rating on Dover (DOV),2024-07-22 13:47:46,TipRanks
dov,Terex To Acquire Environmental Solutions Group From Dover In $2.0 Bln Deal - Quick Facts,2024-07-22 13:04:03,RTTNews
dov,Dover to sell Environmental Solutions unit for $2B,2024-07-22 11:01:56,Seeking Alpha
dov,Wells Fargo Keeps Their Hold Rating on Dover (DOV),2024-07-22 09:03:10,TipRanks
dov,Dover (DOV) Gets a Buy from Bank of America Securities,2024-07-16 13:26:48,TipRanks
dov,Is the Options Market Predicting a Spike in Dover Stock?,2024-07-10 17:16:41,Benzinga
dov,Wells Fargo Sticks to Its Hold Rating for Dover (DOV),2024-07-10 09:18:25,TipRanks
dov,Barclays Sticks to Their Hold Rating for Dover (DOV),2024-07-10 08:59:17,TipRanks
dov,3 Dividend Aristocrats Now Cheaper Than During the 2008 Financial Crisis,2024-07-05 15:32:01,InvestorPlace
dov,Wells Fargo Remains a Hold on Dover (DOV),2024-06-26 10:22:01,TipRanks
dov,Wells Fargo Remains a Hold on Dover (DOV),2024-06-17 09:49:00,TipRanks
dov,Wells Fargo Sticks to Its Hold Rating for Dover (DOV),2024-06-12 09:46:28,TipRanks
dov,Dover Shares Rally 16% YTD: What's Driving the Stock?,2024-06-11 18:53:59,Benzinga
dov,Wells Fargo Sticks to Its Hold Rating for Dover (DOV),2024-06-03 09:27:40,TipRanks
dov,Wells Fargo Keeps Their Hold Rating on Dover (DOV),2024-05-28 10:46:52,TipRanks
dov,Wells Fargo Sticks to Its Hold Rating for Dover (DOV),2024-05-20 09:51:16,TipRanks
dov,Dover declares $0.51 dividend,2024-05-03 21:01:31,Seeking Alpha
dov,Dover Corp: Strong Q1 Performance and Promising Order Trends Support Buy Rating,2024-04-28 23:45:28,TipRanks
dov,Dover (DOV) Receives a Hold from RBC Capital,2024-04-26 10:36:01,TipRanks
dov,"Analysts Conflicted on These Industrial Goods Names: L3Harris Technologies (LHX), Dover (DOV) and Siemens Energy (OtherSMEGF)",2024-04-26 09:50:15,TipRanks
dov,Barclays Reaffirms Their Hold Rating on Dover (DOV),2024-04-26 08:48:53,TipRanks
dov,Dover’s Strong Earnings and Growth Prospects Merit a Buy Rating,2024-04-25 20:55:16,TipRanks
dov,"DOV Stock Earnings: Dover Beats EPS, Beats Revenue for Q1 2024",2024-04-25 14:53:25,InvestorPlace
dov,"Dover Corp Q1 Profit Increases, beats estimates",2024-04-25 12:38:44,RTTNews
dov,"Dover Non-GAAP EPS of $1.95 beats by $0.07, revenue of $2.09B beats by $60M",2024-04-25 10:33:21,Seeking Alpha
dov,Dover Q1 2024 Earnings Preview,2024-04-24 16:38:31,Seeking Alpha
dov,Notable earnings before Thursday's open,2024-04-24 15:12:04,Seeking Alpha
dov,Here's what Wall Street expects from Dover's earnings report,2024-04-24 15:01:13,Markets Insider Automation
dov,RBC Capital Sticks to Their Hold Rating for Dover (DOV),2024-04-23 01:50:54,TipRanks
dov,Wells Fargo Keeps Their Hold Rating on Dover (DOV),2024-04-22 10:37:48,TipRanks
dov,What 9 Analyst Ratings Have To Say About Dover,2024-04-18 19:02:42,Benzinga
dov,"Analysts’ Opinions Are Mixed on These Industrial Goods Stocks: Boeing (BA), Dover (DOV) and Azul SA (AZUL)",2024-04-18 13:30:59,TipRanks
dov,Wells Fargo Sticks to Its Hold Rating for Dover (DOV),2024-04-15 10:18:13,TipRanks
dov,"Analysts Offer Insights on Industrial Goods Companies: APM Human Services International Limited (AU:APM), Dover (DOV) and MTU Aero Engines (GB:0FC9)",2024-04-10 09:06:04,TipRanks
dov,Dover (DOV) Receives a Buy from Bank of America Securities,2024-04-08 13:46:21,TipRanks
dov,Wells Fargo Sticks to Its Hold Rating for Dover (DOV),2024-04-08 10:18:36,TipRanks
dov,Barclays Sticks to Their Hold Rating for Dover (DOV),2024-04-02 07:36:39,TipRanks
dov,Cracking The Code: Understanding Analyst Reviews For Dover,2024-03-28 22:00:16,Benzinga
dov,Dover (DOV) Receives a Hold from Wells Fargo,2024-03-25 09:47:13,TipRanks
dov,Wells Fargo Remains a Hold on Dover (DOV),2024-03-18 09:16:47,TipRanks
dov,"Alphabet, Dover And 2 Other Stocks Insiders Are Selling",2024-03-11 13:10:48,Benzinga
dov,Wells Fargo Sticks to Its Hold Rating for Dover (DOV),2024-03-11 09:27:06,TipRanks
dov,Dover (DOV) Receives a Hold from Wells Fargo,2024-03-04 10:27:18,TipRanks
dov,Wells Fargo Reaffirms Their Hold Rating on Dover (DOV),2024-02-26 11:31:12,TipRanks
dov,Dover (DOV): Strong Buy on Leadership Agility and Strategic M&A Positioning,2024-02-13 10:18:56,TipRanks
dov,Wells Fargo Keeps Their Hold Rating on Dover (DOV),2024-02-12 11:47:07,TipRanks
dov,Dover Announces Leadership Reorganization and Governance Update,2024-02-10 09:47:56,TipRanks
dov,Dover Appoints Its President And CEO Richard Tobin To Additional Role Of Chairman,2024-02-10 07:50:51,RTTNews
dov,Dover declares $0.51 dividend,2024-02-08 21:41:06,Seeking Alpha
dov,Pinterest To Rally Over 20%? Here Are 10 Top Analyst Forecasts For Monday,2024-02-05 14:09:27,Benzinga
dov,Dover’s Stock Earns ‘Buy’ Rating on Strong Earnings and Positive Growth Outlook,2024-02-05 09:19:28,TipRanks
dov,Barclays Remains a Hold on Dover (DOV),2024-02-05 07:55:37,TipRanks
dov,Dover Corp. Assigned ‘Buy’ Rating on Positive Order Trends and Long-Term Free Cash Flow Potential,2024-02-05 01:15:50,TipRanks
dov,Analyst Ratings For Dover,2024-02-02 20:00:36,Benzinga
dov,"Analysts Have Conflicting Sentiments on These Industrial Goods Companies: Dover (DOV), Kirby (KEX) and Landstar System (LSTR)",2024-02-02 13:11:24,TipRanks
dov,Dover (DOV) Receives a Hold from RBC Capital,2024-02-02 12:26:55,TipRanks
dov,Dover (DOV): A Buy Rating with Growth Potential and Attractive Valuation,2024-02-02 11:56:20,TipRanks
dov,Barclays Remains a Hold on Dover (DOV),2024-02-02 08:37:10,TipRanks
dov,Optimistic Outlook for Dover: A Reaffirmed Buy Rating Amidst Conservative Guidance and Strategic Growth Initiatives,2024-02-01 20:16:05,TipRanks
dov,Dover Corp. hosts conference call for investors,2024-02-01 14:45:00,Markets Insider Automation
dov,"Analysts Are Bullish on These Industrial Goods Stocks: Boeing (BA), Dover (DOV)",2024-02-01 14:10:33,TipRanks
dov,Dover Expects Rise In Annual Earnings But Below View,2024-02-01 13:06:18,RTTNews
dov,"Dover Corp Q4 Profit Increases, beats estimates",2024-02-01 12:40:31,RTTNews
dov,"Dover Non-GAAP EPS of $2.45 beats by $0.02, revenue of $2.11B misses by $60M",2024-02-01 11:33:17,Seeking Alpha
dov,Dover Completes Acquisition Of Bulloch Technologies,2024-02-01 02:03:17,RTTNews
dov,Dover acquires Bulloch Technologies for CAD150 million,2024-01-31 21:21:31,Seeking Alpha
dov,Dover Q4 2023 Earnings Preview,2024-01-31 16:47:20,Seeking Alpha
dov,What Wall Street expects from Dover's earnings,2024-01-31 15:01:13,Markets Insider Automation
dov,Deutsche Bank Keeps Their Hold Rating on Dover (DOV),2024-01-09 09:25:06,TipRanks
dov,Wells Fargo Reaffirms Their Hold Rating on Dover (DOV),2024-01-08 12:17:30,TipRanks
dov,Wells Fargo Keeps Their Hold Rating on Dover (DOV),2024-01-03 10:27:56,TipRanks
dov,The 3 Best Industrial Stocks to Buy for 2024,2023-12-28 16:25:57,InvestorPlace
dov,Wells Fargo Maintains Equal-Weight Rating for Dover: Here's What You Need To Know,2023-12-19 18:00:42,Benzinga
dov,Wells Fargo Sticks to Its Hold Rating for Dover (DOV),2023-12-19 12:25:56,TipRanks
dov,Dover’s Growth Prospects: A Comprehensive Buy Rating Justification,2023-12-13 23:46:08,TipRanks
dov,What 5 Analyst Ratings Have To Say About Dover,2023-12-11 19:00:34,Benzinga
dov,Wells Fargo Reaffirms Their Hold Rating on Dover (DOV),2023-12-11 10:39:49,TipRanks
dov,"Analysts’ Top Industrial Goods Picks: Dover (DOV), Republic Services (RSG)",2023-12-07 11:40:25,TipRanks
dov,Wells Fargo Keeps Their Hold Rating on Dover (DOV),2023-12-04 15:17:32,TipRanks
dov,"7 Blue-Chip Stocks to Buy for 2024, According to AI",2023-11-30 17:23:00,InvestorPlace
dov,Comeback Candidates: 3 Industrial Stocks Set to Rebound,2023-11-30 13:44:41,InvestorPlace
dov,Dover (DOV) Receives a Hold from Wells Fargo,2023-11-27 09:57:29,TipRanks
dov,Wells Fargo Reaffirms Their Hold Rating on Dover (DOV),2023-11-13 12:17:13,TipRanks
dov,Quant Ratings Updated on 122 Stocks,2023-11-10 19:33:26,InvestorPlace
dov,Quant Ratings Updated on 122 Stocks,2023-11-07 21:30:00,InvestorPlace
dov,Wells Fargo Remains a Hold on Dover (DOV),2023-11-06 10:31:39,TipRanks
dov,Dover (DOV) Gets a Hold from Barclays,2023-10-27 01:15:45,TipRanks
dov,"Analysts Offer Insights on Industrial Goods Companies: General Electric (GE), Transdigm Group (TDG) and Dover (DOV)",2023-10-25 12:51:07,TipRanks
dov,"Analysts Offer Insights on Industrial Goods Companies: General Motors (GM), Sherwin-Williams Company (SHW) and Dover (DOV)",2023-10-25 11:31:51,TipRanks
dov,"Analysts Have Conflicting Sentiments on These Industrial Goods Companies: 3M (MMM), Dover (DOV) and Paccar (PCAR)",2023-10-25 02:30:55,TipRanks
dov,"Analysts Offer Insights on Industrial Goods Companies: American Axle (AXL), Dover (DOV) and Illinois Tool Works (ITW)",2023-10-24 21:30:31,TipRanks
dov,"Analysts’ Opinions Are Mixed on These Industrial Goods Stocks: Autoliv (ALV), General Electric (GE) and Dover (DOV)",2023-10-24 13:11:19,TipRanks
dov,"Dover Corp Q3 Profit Increases, beats estimates",2023-10-24 12:40:42,RTTNews
dov,What Wall Street expects from Dover's earnings,2023-10-23 15:01:13,Markets Insider Automation
dov,Dover (NYSE:DOV): A Dividend Aristocrat Stock with Plenty of Upside Potential,2023-10-19 08:58:21,TipRanks
dov,Analysts Offer Insights on Industrial Goods Companies: Boeing (BA) and Dover (DOV),2023-10-17 09:31:42,TipRanks
dov,Wells Fargo Reaffirms Their Hold Rating on Dover (DOV),2023-10-16 10:08:04,TipRanks
dov,Dover Divests DESTACO Business Unit For $680M To Focus On Its Core Platforms,2023-10-12 11:49:08,Benzinga
dov,Dover To Sell De-Sta-Co Business To Stabilus For Enterprise Value Of $680 Mln,2023-10-12 04:31:47,RTTNews
dov,Dover’s Stock: A Buy Rating with Potential Growth Catalysts and Re-rating Opportunity,2023-10-11 22:37:04,TipRanks
dov,J.P. Morgan Reaffirms Their Buy Rating on Dover (DOV),2023-10-09 12:15:55,TipRanks
dov,Dover (DOV) Receives a Hold from Wells Fargo,2023-10-09 10:39:04,TipRanks
dov,"Analysts’ Opinions Are Mixed on These Industrial Goods Stocks: Dover (DOV), Flowserve (FLS) and Cintas (CTAS)",2023-10-09 05:20:55,TipRanks
dov,"Disney Slashes Ticket Prices For Children, US Government Ceases Free Distribution Of Merck COVID Pill, UK Deep Dives Into Amazon And Microsoft's Cloud Power: Today's Top Stories",2023-10-05 16:01:05,Benzinga
dov,Barclays Remains a Hold on Dover (DOV),2023-10-05 11:21:15,TipRanks
dov,Dover Enters Into Agreement To Acquire FW Murphy,2023-10-04 22:37:34,RTTNews
dov,Wells Fargo Reaffirms Their Hold Rating on Dover (DOV),2023-10-02 08:46:21,TipRanks
dov,Wells Fargo Sticks to Its Hold Rating for Dover (DOV),2023-09-25 09:58:28,TipRanks
dov,Dover (DOV) Gets a Hold from Wells Fargo,2023-09-18 09:55:30,TipRanks
dov,Wells Fargo Keeps Their Hold Rating on Dover (DOV),2023-09-11 10:35:51,TipRanks
dov,RegO Products Introduces New CBE504 Series Pressure Builder-Economizer Regulator,2023-09-06 22:15:00,PR Newswire
dov,Moat Masters: 3 Top Picks from the VanEck Morningstar SMID ETF,2023-08-31 10:33:07,InvestorPlace
dov,Dover (DOV) Gets a Hold from Wells Fargo,2023-08-28 13:05:55,TipRanks
dov,The 7 Most Undervalued Dividend Stocks to Buy Now: August 2023,2023-08-20 20:52:21,InvestorPlace
dov,The 7 Most Undervalued Industrial Stocks to Buy Now: August 2023,2023-08-20 18:25:00,InvestorPlace
dov,7 Dividend Kings That Have Raised Their Payouts for 50 Years (or More!),2023-08-14 16:05:49,InvestorPlace
dov,Wells Fargo Reaffirms Their Hold Rating on Dover (DOV),2023-08-14 12:35:41,TipRanks
dov,Three stocks make the cut for Credit Suisse's 'Top of the Crop' list,2023-08-07 16:28:52,Seeking Alpha
dov,Dover declares $0.51 dividend,2023-08-04 04:45:33,Seeking Alpha
dov,"Analysts’ Opinions Are Mixed on These Industrial Goods Stocks: RLI (RLI), General Motors (GM) and Dover (DOV)",2023-07-27 01:50:31,TipRanks
dov,The Latest Analyst Ratings for Dover,2023-07-26 15:00:49,Benzinga
dov,NXP Semiconductors To Rally Over 19%? Here Are 10 Other Analyst Forecasts For Wednesday,2023-07-26 13:46:11,Benzinga
dov,"Analysts Offer Insights on Industrial Goods Companies: Dover (DOV), Alaska Air (ALK) and General Motors (GM)",2023-07-26 10:50:08,TipRanks
dov,Dover (DOV) Gets a Hold from Barclays,2023-07-26 07:45:09,TipRanks
dov,Goldman Sachs Keeps Their Buy Rating on Dover (DOV),2023-07-25 23:05:06,TipRanks
dov,Dover (DOV) Gets a Buy from Robert W. Baird,2023-07-25 20:35:32,TipRanks
dov,"Dover posts results miss hurt by vehicle services segment disruptions, shares fall",2023-07-25 15:26:28,Seeking Alpha
dov,"Dover Corp Q2 Profit Decreases, misses estimates",2023-07-25 12:44:41,RTTNews
dov,"Analysts Offer Insights on Industrial Goods Companies: Dover (DOV), Deere (DE) and Simpson Manufacturing Co (SSD)",2023-07-25 12:40:28,TipRanks
dov,"Dover Non-GAAP EPS of $2.05 misses by $0.16, revenue of $2.1B misses by $100M",2023-07-25 10:33:33,Seeking Alpha
dov,Notable earnings before Tuesday's open,2023-07-24 15:02:24,Seeking Alpha
dov,RBC Capital Reaffirms Their Hold Rating on Dover (DOV),2023-07-15 01:45:40,TipRanks
dov,"Analysts Offer Insights on Industrial Goods Companies: Stevanato Group (STVN), Dover (DOV) and Robert Half (RHI)",2023-07-13 13:40:10,TipRanks
dov,9 Analysts Have This to Say About Dover,2023-07-10 18:00:39,Benzinga
dov,Oppenheimer Sticks to Their Buy Rating for Dover (DOV),2023-05-09 11:25:07,TipRanks
dov,Dover declares $0.505 dividend,2023-05-05 20:28:32,Seeking Alpha
dov,Wall Street Analysts Are Bullish on Top Industrial Goods Picks,2023-05-01 12:30:48,TipRanks
dov,7 Infrastructure Stocks With Huge Return Potential for Long-Term Investors,2023-04-30 17:56:16,InvestorPlace
dov,Analysts’ Opinions Are Mixed on These Industrial Goods Stocks: ASM International (OtherASMIY) and Dover (DOV),2023-04-29 01:20:06,TipRanks
dov,"Best Stocks to Beat the Market, 4/28/23",2023-04-28 12:58:58,TipRanks
dov,"Analysts Are Bullish on Top Industrial Goods Stocks: Dover (DOV), Element Solutions (ESI)",2023-04-27 15:10:26,TipRanks
dov,Analyst Expectations for Dover's Future,2023-04-27 15:00:40,Benzinga
dov,Analysts Offer Insights on Industrial Goods Companies: Dover (DOV) and Masco (MAS),2023-04-26 21:10:45,TipRanks
dov,Robert W. Baird Remains a Buy on Dover (DOV),2023-04-26 20:25:13,TipRanks
dov,"Dover Q1 Earnings And Revenue Rise, Above View",2023-04-26 13:11:52,RTTNews
dov,Dover (DOV) Receives a Buy from Oppenheimer,2023-04-26 12:45:18,TipRanks
dov,"Dover Corp Q1 Profit Increases, beats estimates",2023-04-26 12:40:26,RTTNews
dov,Dover beats Q1 top and bottom line estimates; updates FY23 outlook,2023-04-26 10:32:38,Seeking Alpha
dov,Dover Q1 2023 Earnings Preview,2023-04-25 18:03:01,Seeking Alpha
dov,Notable earnings before Wednesday's open,2023-04-25 15:10:17,Seeking Alpha
dov,Dover is about to announce earnings — here's what Wall Street expects,2023-04-25 15:01:13,Markets Insider Automation
dov,7 Safe Stocks to Invest in for Steady Returns in 2023,2023-04-18 01:00:06,InvestorPlace
dov,Dover (DOV) Gets a Hold from RBC Capital,2023-04-13 01:45:47,TipRanks
dov,Bank of America Securities Sticks to Its Buy Rating for Dover (DOV),2023-04-11 10:15:11,TipRanks
dov,What 17 Analyst Ratings Have To Say About Dover,2023-04-06 15:01:03,Benzinga
dov,Barclays Keeps Their Hold Rating on Dover (DOV),2023-04-06 12:25:21,TipRanks
dov,7 Dividend Aristocrats to Buy for Consistent Income Growth,2023-03-28 18:29:37,InvestorPlace
dov,"Analysts Are Bullish on These Industrial Goods Stocks: Dover (DOV), Dada Nexus (DADA)",2023-03-13 05:50:26,TipRanks
dov,"Analysts Are Bullish on These Industrial Goods Stocks: Dover (DOV), ITT (ITT)",2023-03-10 02:10:25,TipRanks
dov,Wall Street Analysts Are Bullish on Top Industrial Goods Picks,2023-03-09 16:30:43,TipRanks
dov,RBC Capital Sticks to Their Hold Rating for Dover (DOV),2023-03-09 16:25:21,TipRanks
dov,Dover (DOV) Gets a Hold from Morgan Stanley,2023-03-09 11:45:18,TipRanks
dov,Dover (DOV) Initiated with a Buy at Robert W. Baird,2023-03-09 06:25:09,TipRanks
dov,Analyst Ratings for Dover,2023-03-06 17:00:23,Benzinga
dov,"Catalyst watch: General Electric, Apple, Chevron, Black Knight and Ethereum in the spotlight",2023-03-03 20:30:02,Seeking Alpha
dov,RBC Capital Reaffirms Their Hold Rating on Dover (DOV),2023-03-02 01:45:32,TipRanks
dov,The 7 Most Undervalued Dividend Aristocrats to Buy,2023-02-13 22:42:16,InvestorPlace
dov,Dover declares $0.505 dividend,2023-02-10 21:18:21,Seeking Alpha
dov,"Analysts Have Conflicting Sentiments on These Industrial Goods Companies: Dover (DOV), Old Dominion Freight (ODFL) and Ralph Lauren (RL)",2023-02-02 16:30:51,TipRanks
dov,"Analysts Conflicted on These Industrial Goods Names: Canadian Pacific (CP), Dover (DOV) and General Electric (GE)",2023-02-02 10:54:21,TipRanks
dov,What 18 Analyst Ratings Have To Say About Dover,2023-02-01 22:00:47,Benzinga
dov,Barclays Sticks to Its Hold Rating for Dover (DOV),2023-02-01 13:56:35,TipRanks
dov,"Analysts Offer Insights on Industrial Goods Companies: Badger Meter (BMI), Dover (DOV) and Gentex (GNTX)",2023-02-01 13:56:34,TipRanks
dov,Dover is about to announce earnings — here's what Wall Street expects,2023-01-31 15:01:13,Markets Insider Automation
dov,Robert W. Baird Remains a Buy on Dover (DOV),2023-01-31 14:25:18,TipRanks
dov,"Dover Corp Q4 Profit Decreases, but beats estimates",2023-01-31 12:54:45,RTTNews
dov,"Dover Non-GAAP EPS of $2.16 beats by $0.01, revenue of $2.14B beats by $20M",2023-01-31 11:32:57,Seeking Alpha
dov,Dover Q4 2022 Earnings Preview,2023-01-30 22:12:40,Seeking Alpha
dov,Notable earnings before Tuesday's open,2023-01-30 15:11:38,Seeking Alpha
dov,7 Industrial Stocks That Will Be Big Winners,2023-01-29 20:37:59,InvestorPlace
dov,Quant Ratings Updated on 80 Stocks,2023-01-24 21:31:05,InvestorPlace
dov,RBC Capital Sticks to Their Hold Rating for Dover (DOV),2023-01-21 01:56:57,TipRanks
dov,Oppenheimer Remains a Buy on Dover (DOV),2023-01-20 06:45:08,TipRanks
dov,Credit Suisse expands 'Top of the Crop' list to five stocks,2023-01-16 16:01:01,Seeking Alpha
dov,Morgan Stanley Sticks to Its Hold Rating for Dover (DOV),2023-01-06 16:26:18,TipRanks
dov,10 Analysts Have This to Say About Dover,2023-01-05 15:00:44,Benzinga
dov,7 Safe Stocks to Buy and Hold Forever,2023-01-04 18:55:55,InvestorPlace
dov,Dover (DOV) Receives a Buy from Goldman Sachs,2022-12-15 16:25:38,TipRanks
dov,Dover acquires precision gear pumps manufacturer,2022-12-15 13:21:33,Seeking Alpha
dov,Oppenheimer Reaffirms Their Buy Rating on Dover (DOV),2022-12-15 09:25:09,TipRanks
dov,"Benzinga's Top Ratings Upgrades, Downgrades For December 13, 2022",2022-12-13 16:01:30,Benzinga
dov,"Analyst Downgrades Johnson Controls And 3 Other Industrial Stocks, Names Top Sector Picks For 2023",2022-12-12 17:43:11,Benzinga
dov,What 6 Analyst Ratings Have To Say About Dover,2022-12-05 17:03:05,Benzinga
dov,Dover declares $0.505 dividend,2022-11-03 21:49:23,Seeking Alpha
dov,Dover (DOV) Receives a Buy from Oppenheimer,2022-10-25 18:35:20,TipRanks
dov,Analysts Have Conflicting Sentiments on These Industrial Goods Companies: Dover (DOV) and Liberty Oilfield Services (LBRT),2022-10-24 16:32:17,TipRanks
dov,4 Analysts Have This to Say About Dover,2022-10-21 18:04:16,Benzinga
dov,Alphabet To $136? Plus This Analyst Slashes PT On AT&T,2022-10-21 15:31:42,Benzinga
dov,"Analysts’ Opinions Are Mixed on These Industrial Goods Stocks: Dover (DOV), MKS Instruments (MKSI) and Union Pacific (UNP)",2022-10-21 12:42:18,TipRanks
dov,Dover posts Q3 earnings beat but cuts full-year guidance on reduced demand,2022-10-20 15:27:19,Seeking Alpha
dov,"Dover Corp Q3 Profit Increases, beats estimates",2022-10-20 12:35:29,RTTNews
dov,"Dover Non-GAAP EPS of $2.26 beats by $0.07, revenue of $2.16B beats by $10M",2022-10-20 10:36:05,Seeking Alpha
dov,Dover Q3 2022 Earnings Preview,2022-10-19 17:00:07,Seeking Alpha
dov,Dover earnings preview: what to expect,2022-10-19 15:01:13,Markets Insider Automation
dov,Notable earnings before Thursday's open,2022-10-19 14:40:53,Seeking Alpha
dov,Oppenheimer Sticks to Their Buy Rating for Dover (DOV),2022-10-13 13:15:28,TipRanks
dov,Quant Ratings Updated on 53 Stocks,2022-09-29 20:40:09,InvestorPlace
dov,3 Undervalued Dividend Champions With High Return Potential,2022-09-22 18:29:44,InvestorPlace
dov,3rd Eye Introduces Verif-Eye for Rear Loaders - Connecting Fleets to their Customers While Keeping Operators Connected to Their Truck,2022-08-31 22:15:00,PR Newswire
dov,"Pre-market Movers: GBNH, MSPR, SGFY, AMC, REBN…",2022-08-22 13:55:55,RTTNews
dov,Dover raises dividend by 1% to $0.505/share,2022-08-04 21:20:22,Seeking Alpha
dov,Analysts Trim Dover's Price Target Post Q2 Results,2022-07-22 21:05:27,Benzinga
dov,"Dover Lifts FY22 Earnings, Organic Growth View; Backs Adj. Earnings Forecast Above Market Estimate",2022-07-21 14:00:42,RTTNews
dov,"Dover Corp Q2 Profit Increases, beats estimates",2022-07-21 12:35:01,RTTNews
dov,"Dover Non-GAAP EPS of $2.14 beats by $0.07, revenue of $2.16B misses by $20M, provides FY22 Adj. EPS guidance",2022-07-21 10:38:29,Seeking Alpha
dov,Notable earnings before Thursday's open,2022-07-20 15:08:39,Seeking Alpha
dov,Dover is about to announce its earnings — here's what to expect,2022-07-20 15:01:13,Markets Insider Automation
dov,10 Analysts Have This to Say About Dover,2022-07-13 15:21:57,Benzinga
dov,Twitter Shares Drop After Price Target Cut; Here's The Biggest Price Target Changes For Friday,2022-07-08 14:05:43,Benzinga
dov,Citi eyes momentum in stocks for its North American Focus List,2022-06-24 13:22:09,Seeking Alpha
dov,Where Dover Stands With Analysts,2022-06-23 15:15:08,Benzinga
dov,3 Blue-Chip Stocks With Reliable Dividends During Recessions,2022-06-16 17:52:52,InvestorPlace
dov,7 Dividend Kings Raising Dividends for 60+ Years,2022-05-29 10:15:30,InvestorPlace
dov,Expert Ratings for Dover,2022-05-24 15:02:27,Benzinga
dov,Citi screens for quality growth stocks in this pullback,2022-05-22 17:57:08,Seeking Alpha
dov,3 Dividend Kings Trading for Bargain Prices,2022-05-19 20:35:24,InvestorPlace
dov,Dover to buy Malema Engineering in $225M deal,2022-05-09 20:42:24,Seeking Alpha
dov,Dover declares $0.50 dividend,2022-05-06 20:19:33,Seeking Alpha
dov,Dover shares decline on Clean Energy segment margin weakness,2022-04-21 18:35:58,Seeking Alpha
dov,Dover Maintains FY22 Adj. EPS And Revenue Growth Outlook - Update,2022-04-21 12:47:19,RTTNews
dov,"Dover Corp Q1 Profit Decreases, but beats estimates",2022-04-21 12:33:58,RTTNews
dov,"Dover Non-GAAP EPS of $1.90 beats by $0.07, revenue of $2.05B beats by $20M",2022-04-21 10:35:01,Seeking Alpha
dov,Dover Q1 2022 Earnings Preview,2022-04-20 16:45:17,Seeking Alpha
dov,Here's what to expect from Dover's earnings,2022-04-20 15:01:13,Markets Insider Automation
dov,Notable earnings before Thursday's open,2022-04-20 14:24:36,Seeking Alpha
dov,Goldman screens companies with best and worst pricing power into earnings season,2022-04-11 11:48:55,Seeking Alpha
dov,"Benzinga's Top Ratings Upgrades, Downgrades For April 8, 2022",2022-04-08 16:03:49,Benzinga
dov,Expert Ratings For Dover,2022-04-07 22:36:21,Benzinga
dov,5 Stocks to Sell as a Russia-Ukraine War Looms Large,2022-02-18 18:48:31,InvestorPlace
dov,Dover declares $0.50 dividend,2022-02-11 21:27:06,Seeking Alpha
dov,"Citi, Morgan Stanley Bump Up Dover Price Target After Q4 Results",2022-01-28 20:20:02,Benzinga
dov,Caterpillar plunges to day's lows as shrinking margins cloud strong demand,2022-01-28 19:35:08,Seeking Alpha
dov,Analyst Ratings For Dover,2022-01-28 18:01:36,Benzinga
dov,Dover Issues FY22 Guidance - Quick Facts,2022-01-27 13:00:35,RTTNews
dov,"Dover Corp Q4 Profit Increases, beats estimates",2022-01-27 12:33:17,RTTNews
dov,"Dover Non-GAAP EPS of $1.78 beats by $0.11, revenue of $1.99B beats by $70M; issues full year guidance",2022-01-27 11:33:59,Seeking Alpha
dov,Dover Q4 2021 Earnings Preview,2022-01-26 18:25:17,Seeking Alpha
dov,Notable earnings before Thursday's open,2022-01-26 15:59:27,Seeking Alpha
dov,Here's what Wall Street expects from Dover's earnings report,2022-01-26 15:01:13,Markets Insider Automation
dov,The 10 Best Performing Stocks in the S&P 500 for 2021,2022-01-12 11:00:23,InvestorPlace
dov,"Benzinga's Top Ratings Upgrades, Downgrades For January 7, 2022",2022-01-07 16:38:12,Benzinga
dov,Barclays Bumps Up Price Target For Several Multi-Industry Companies,2022-01-04 19:28:28,Benzinga
dov,Where Dover Stands With Analysts,2022-01-04 18:17:17,Benzinga
dov,"Carrier, Trane cut at Vertical on valuation with Johnson Controls tops in HVAC",2022-01-03 18:00:57,Seeking Alpha
dov,"Wells Fargo, Baird Raises Price Target On This Industrial Manufacturing Company",2021-12-20 20:54:43,Benzinga
dov,"Benzinga's Top Ratings Upgrades, Downgrades For December 20, 2021",2021-12-20 17:58:46,Benzinga
dov,"Benzinga's Top Ratings Upgrades, Downgrades For December 17, 2021",2021-12-17 16:17:57,Benzinga
dov,"Mizuho Bullish On Stanley Black & Decker, Dover; Neutral On Parker-Hannifin, IDEX, Flowserve, Xylem; Bearish On Pentair",2021-12-17 16:10:20,Benzinga
dov,Dover acquires Acme Cryogenics for $295M; signs deal to buy Engineered Controls International,2021-12-16 21:54:58,Seeking Alpha
dov,Analyst Ratings For Dover,2021-12-10 19:13:32,Benzinga
dov,Deutsche Bank Cuts Price Target For Several Industrial Stocks,2021-12-10 18:14:10,Benzinga
dov,Dover declares $0.50 dividend,2021-11-04 22:11:12,Seeking Alpha
dov,4 Stocks Insiders Are Buying,2021-11-03 12:16:31,Benzinga
dov,Analysts Raise Dover's Price Target After Q3 Results,2021-10-20 19:05:18,Benzinga
dov,What 6 Analyst Ratings Have To Say About Dover,2021-10-20 19:01:38,Benzinga
dov,Dover Raises Full Year EPS Guidance - Quick Facts,2021-10-19 12:52:13,RTTNews
dov,Dover Corp Q3 adjusted earnings Beat Estimates,2021-10-19 12:37:34,RTTNews
dov,Notable earnings before Tuesday's open,2021-10-18 14:58:07,Seeking Alpha
dov,Dover earnings: here's what to expect,2021-10-17 15:01:19,Markets Insider Automation
dov,Dover Agrees To Sell Unified Brands - Quick Facts,2021-10-12 08:52:08,RTTNews
dov,What 9 Analyst Ratings Have To Say About Dover,2021-10-08 18:12:02,Benzinga
dov,"Benzinga's Top Ratings Upgrades, Downgrades For October 8, 2021",2021-10-08 17:52:27,Benzinga
dov,Wells Fargo Initiates Coverage On 5 Machinery Stocks With Mixed Ratings,2021-10-08 16:44:49,Benzinga
dov,Expert Ratings For Dover,2021-10-07 18:21:32,Benzinga
dov,"CPC Launches New MicroCNX Connectors, a First for Small-Volume Biopharma Processing",2021-09-01 16:00:00,PR Newswire
dov,What 7 Analyst Ratings Have To Say About Dover,2021-08-21 18:29:49,Benzinga
dov,Hydro Systems Enhances Food Safety with DMx Warewash Dispenser,2021-08-11 22:15:00,PR Newswire
dov,Dover raises dividend by 1% to $0.50 per share,2021-08-06 12:06:50,Seeking Alpha
dov,Dover Increases Dividend,2021-08-05 23:21:00,PR Newswire
dov,"SWEP Introduces the Medium-Size, High-Capacity B85S Heat Exchanger to the All-Stainless Product Range",2021-08-03 22:15:00,PR Newswire
dov,Dover Fueling Solutions Announces Reseller Agreement with Techniche,2021-07-27 22:15:00,PR Newswire
dov,Dover buys SaaS firm CDS Visual,2021-07-27 06:50:00,Seeking Alpha
dov,Dover Acquires CDS Visual,2021-07-26 22:15:00,PR Newswire
dov,10 Biggest Price Target Changes For Wednesday,2021-07-21 14:20:52,Benzinga
dov,Dover Raises 2021 Outlook,2021-07-20 12:57:42,RTTNews
dov,Dover Corp Q2 adjusted earnings Beat Estimates,2021-07-20 12:33:28,RTTNews
dov,Dover Reports Second Quarter 2021 Results; Raises Full Year Guidance,2021-07-20 12:30:00,PR Newswire
dov,"Dover EPS beats by $0.22, beats on revenue, raises full-year guidance",2021-07-20 10:35:37,Seeking Alpha
dov,Hillphoenix Adds AdvansorFlex-Mini™ CO2 Refrigeration System Solution to Ecofriendly Product Portfolio,2021-07-19 22:15:00,PR Newswire
dov,Dover Q2 2021 Earnings Preview,2021-07-19 18:48:06,Seeking Alpha
dov,Notable earnings before Tuesday's open,2021-07-19 13:36:49,Seeking Alpha
dov,Dover is about to announce its earnings — here's what to expect,2021-07-18 15:01:20,Markets Insider Automation
dov,Unified Brands Announces New Product to Help Pizza Restaurants Reduce Cheese Waste,2021-07-16 22:15:00,PR Newswire
dov,Quattroflow Increases Single-Use Pump Manufacturing Footprint with Construction of New Cleanroom,2021-07-15 22:15:00,PR Newswire
dov,Rotary Expands Wheel Service Product Line with R1200 Leverless Pro Tire Changer and R1065 Mobile Tablet Aligner,2021-07-14 22:15:00,PR Newswire
dov,SWEP EMEA Production Expansion Takes Next Big Step,2021-07-13 22:15:00,PR Newswire
dov,"Dover Announces Second Quarter 2021 Earnings Release Date, Conference Call and Webcast",2021-07-12 22:15:00,PR Newswire
dov,3rd Eye Launches New Eye-Site Next-Generation Data Interface,2021-07-07 22:15:00,PR Newswire
dov,Destaco Expands Press Shop Solutions with New Universal Sheet Metal Grippers,2021-06-30 22:15:00,PR Newswire
dov,Hydro Systems Unveils Enhancements to HydroMinder Range of Car Wash Dispensers,2021-06-23 22:15:00,PR Newswire
dov,Metcal Announces Patent Pending Software Upgrades to GT Series Soldering Systems,2021-06-16 22:15:00,PR Newswire
dov,New Blackmer® Sliding Vane Pump Delivers Superior Performance and Reliability for LPG Bobtails and Transports,2021-06-09 22:15:00,PR Newswire
dov,Dover Corporation -- Moody's announces completion of a periodic review of ratings of Dover Corporation,2021-05-11 18:08:00,Moodys
dov,Stocks That Hit 52-Week Highs On Monday,2021-05-10 17:26:20,Benzinga
dov,Dover declares $0.495 dividend,2021-05-07 20:29:59,Seeking Alpha
dov,As Stanley Black & Decker raises prices here's what companies are saying on inflation,2021-04-28 18:18:45,Seeking Alpha
dov,Where Dover Stands With Analysts,2021-04-20 17:13:45,Benzinga
dov,Dover stock gains after Q1 beat-and-raises FY 2021 revenue & EPS guidance above estimates,2021-04-20 15:52:21,Seeking Alpha
dov,Dover Boosts FY21 Outlook - Quick Facts,2021-04-20 13:03:01,RTTNews
dov,Dover Corp Q1 adjusted earnings Beat Estimates,2021-04-20 12:38:43,RTTNews
dov,"Dover EPS beats by $0.35, beats on revenue, raises full-year guidance",2021-04-20 10:36:45,Seeking Alpha
dov,Dover Q1 2021 Earnings Preview,2021-04-19 17:49:32,Seeking Alpha
dov,Notable earnings before Tuesday's open,2021-04-19 16:21:32,Seeking Alpha
dov,Here's what to expect from Dover's earnings,2021-04-18 15:01:24,Markets Insider Automation
dov,Dover fueling solutions partners with EdgePetrol,2021-03-29 21:15:33,Seeking Alpha
dov,Dover declares $0.495 dividend,2021-02-12 21:17:12,Seeking Alpha
dov,Dover beats Q4 estimates; guides FY21 EPS above consensus,2021-01-28 17:08:44,Seeking Alpha
dov,"Dover Sees FY21 Earnings, Revenue Growth Above Estimates - Quick Facts",2021-01-28 12:44:42,RTTNews
dov,Dover Corp Q4 adjusted earnings Beat Estimates,2021-01-28 12:35:10,RTTNews
dov,Dover Q4 2020 Earnings Preview,2021-01-27 18:31:30,Seeking Alpha
dov,Notable earnings before Thursday's open,2021-01-27 16:52:06,Seeking Alpha
dov,What Wall Street expects from Dover's earnings,2021-01-26 15:01:42,Markets Insider Automation
dov,Dover Boosts FY20 Earnings Guidance - Quick Facts,2020-10-20 12:40:09,RTTNews
dov,Dover Corp Q3 adjusted earnings Beat Estimates,2020-10-20 12:38:20,RTTNews
dov,Dover raises EPS guidance after beating expectations,2020-10-20 11:43:10,Seeking Alpha
dov,"Dover EPS beats by $0.28, beats on revenue",2020-10-20 10:34:36,Seeking Alpha
dov,Dover Q3 Earnings Preview,2020-10-19 18:05:10,Seeking Alpha
dov,Notable earnings before Tuesday's open,2020-10-19 16:12:01,Seeking Alpha
dov,Here's what Wall Street expects from Dover's earnings,2020-10-19 15:01:25,Markets Insider Automation
dov,Dover Corporation -- Moody's announces completion of a periodic review of ratings of Dover Corporation,2020-08-28 00:59:00,Moodys
dov,Dover Reinstates FY20 Earnings Guidance - Quick Facts,2020-07-22 12:48:51,RTTNews
dov,Dover Corp Q2 adjusted earnings Beat Estimates,2020-07-22 12:37:20,RTTNews
dov,Here's what to expect from Dover's earnings report,2020-07-21 15:01:34,Markets Insider Automation
dov,Dover Suspends 2020 Guidance - Quick Facts,2020-04-21 12:41:48,RTTNews
dov,Dover Corp Q1 adjusted earnings Beat Estimates,2020-04-21 12:38:23,RTTNews
dov,Dover Q1 2020 Earnings Preview,2020-04-20 21:30:51,Seeking Alpha
dov,Dover earnings preview: what Wall Street is expecting,2020-04-20 15:01:28,Markets Insider Automation
dov,Dover to acquire German manufacturer of flow measurement devices,2020-03-17 20:51:24,Seeking Alpha
dov,Dover port boss says clock is ticking on new UK customs system,2020-01-31 18:56:09,Reuters
dov,Dover Provides 2020 Guidance - Quick Facts,2020-01-30 12:54:45,RTTNews
dov,Dover Corp Q4 adjusted earnings Beat Estimates,2020-01-30 12:49:57,RTTNews
dov,Here's what Wall Street expects from Dover's earnings,2020-01-29 15:02:11,Markets Insider Automation
dov,Dover To Buy Soft-Pak,2020-01-27 22:24:37,RTTNews
dov,Dover Corporation -- Moody's announces completion of a periodic review of ratings of Dover Corporation,2019-11-07 21:58:00,Moodys
dov,Dover Tightens 2019 Adj. EPS Guidance - Quick Facts,2019-10-17 13:03:29,RTTNews
dov,Dover Corp Q3 adjusted earnings Beat Estimates,2019-10-17 12:52:11,RTTNews
dov,UK's Dover is ready for Brexit but eyes French border and paperwork,2019-10-15 12:10:52,Reuters
dov,Dover Corp Q2 adjusted earnings Beat Estimates,2019-07-18 12:53:51,RTTNews
dov,Dover earnings preview: what Wall Street is expecting,2019-07-17 15:01:30,Markets Insider Automation
dov,The 5 Best Industrial Stocks to Buy Today,2019-07-11 13:14:40,InvestorPlace
dov,Apergy Corporation -- Moody's announces completion of a periodic review of ratings of Apergy Corporation,2019-04-26 22:49:00,Moodys
dov,Dover Reaffirms FY19 Adj. Earnings Guidance - Quick Facts,2019-04-18 12:56:37,RTTNews
dov,Dover Corp Q1 adjusted earnings Beat Estimates,2019-04-18 12:49:02,RTTNews
dov,Here's what Wall Street expects from Dover's earnings report,2019-04-17 15:01:30,Markets Insider Automation
dov,Dover Completes Sale Of Finder Pompe To Gruppo Aturia,2019-04-03 00:11:32,RTTNews
dov,Dover Expects Strong Double-digit EPS Accretion In 2019 - Quick Facts,2019-01-29 13:00:50,RTTNews
dov,Dover Corp Q4 adjusted earnings of $1.43 per share,2019-01-29 12:55:59,RTTNews
dov,Here's what Wall Street expects from Dover's earnings,2019-01-28 15:01:45,Markets Insider Automation
dov,Dover To Buy Belanger,2019-01-17 00:31:44,RTTNews
dov,No-deal Brexit risks creating London-Dover traffic jam - freight company DSV,2019-01-16 11:26:43,Reuters
dov,"Dover Corporation -- Moody's downgrades Dover Corporation's long-term ratings, senior unsecured to Baa1; outlook stable",2018-12-18 21:47:00,Moodys
dov,Dover Tightens FY18 Adj. Earnings Guidance - Quick Facts,2018-10-18 13:01:13,RTTNews
dov,Dover Corp Q3 adjusted earnings Beat Estimates,2018-10-18 12:52:11,RTTNews
dov,Dover is about to announce its earnings — here's what to expect,2018-10-17 15:01:26,Markets Insider Automation
dov,Dover Announces Rightsizing Plan - Quick Facts,2018-09-11 13:02:40,RTTNews
dov,EARNINGS SUMMARY: Details of Dover Corp Q2 Earnings Report,2018-07-19 12:52:34,RTTNews
dov,Dover Tightens 2018 Earnings Guidance - Quick Facts,2018-07-19 12:52:32,RTTNews
dov,Dover earnings preview: what Wall Street is expecting,2018-07-18 15:01:34,Markets Insider Automation
dov,BRIEF-Dover Says Dover Shareholders Distributed One Share Of Apergy Common Stock For Every Two Shares Of Dover Common Stock They Held As Of Record Date,2018-05-09 14:12:24,Reuters
dov,Apergy Set to Join S&P MidCap 400; 3D Systems to Join S&P SmallCap 600,2018-05-03 00:19:00,PR Newswire
dov,Dover Provides 2018 Outlook,2018-04-27 13:01:31,RTTNews
dov,BRIEF-Dover Reports Q1 GAAP Earnings Per Share $0.84,2018-04-27 12:57:41,Reuters
dov,Dover Corp Q1 adjusted earnings Beat Estimates,2018-04-27 12:56:39,RTTNews
dov,Dover Reports First Quarter 2018 Results and Provides 2018 Guidance,2018-04-27 12:50:00,PR Newswire
dov,BRIEF-Apergy Prices $300 Mln Senior Notes Offering In Connection With Planned Spin-Off From Dover,2018-04-20 00:30:58,Reuters
dov,Apergy Corporation -- Moody's rates Apergy's term loan Ba1; assigns Ba3 CFR,2018-04-06 21:03:00,Moodys
