Headline,Date
LettersOpinion: Is the CFPB Helping or Harming Consumers?Readers consider the bureau’s policies under Rohit Chopra.,"January 29, 2025 01:02 pm ET"
"BusinessFinancial Services Roundup: Market TalkFind insight on auto insurers, Allstate, Bajaj Finance and more in the latest Market Talks covering Financial Services.","January 31, 2025 04:54 pm ET"
Whats News Business FinanceWhat’s News: Business & FinanceWhat’s News: Business & Finance,"January 28, 2025 12:01 am ET"
Whats News Business FinanceWhat’s News: Business & FinanceWhat’s News: Business & Finance,"January 27, 2025 12:01 am ET"
FinanceAffirm Gets Big Financing Check From Liberty MutualSoftware-driven lender adds an insurer’s $750 million commitment after striking deals with Sixth Street and Prudential Financial.,"January 24, 2025 05:30 am ET"
FinanceTrump Media Announces New Push Into Finance to Support the ‘Patriot Economy’The operator of the social-media platform Truth Social and video-streaming platform will add financial services and fintech brand Truth.Fi to its portfolio.,"January 29, 2025 12:40 pm ET"
BusinessCanada to Provide $720 Million to Canada Post to Avoid Insolvency at Mail ServiceThe Canadian government said it would provide extraordinary financing to Canada Post to avoid insolvency at the state-owned mail service.,"January 24, 2025 03:13 pm ET"
"BookshelfFive Best: Tales of BusinessSelected by Alok Sama, the author of “The Money Trap.”","January 31, 2025 11:22 am ET"
PoliticsState Department Freezes Most Foreign AidPresident Trump exempted military financing for Israel and Egypt and emergency food aid.,"January 24, 2025 06:12 pm ET"
A-hedA ‘National Tragedy’ in India: Popcorn Is Taxed Three WaysCritics say the multiplicity of tax rates on the humble snack is emblematic of why India remains a difficult place to do business.,"January 22, 2025 12:10 am ET"
"Risk & Compliance JournalGenAI Increasingly Powering Scams, Wall Street Watchdog WarnsMore swindlers are using the technology to trick firms and customers, Finra said.","January 28, 2025 06:11 pm ET"
LIVE COVERAGE POSTFour Things We Learned About AI From Tech Earnings,"January 30, 2025 07:28 am ET"
"WSJ ProPro VC Industry NewsBonsai Robotics Raises $15 Million to Help Combat Farm Labor ShortageAgTech startup Bonsai Robotics has raised $15 million to develop machines that can navigate orchards on their own to harvest almonds and other produce, helping address labor shortages that risk driving up grocery bills.","January 28, 2025 05:30 am ET"
BusinessAmerica’s Battle Over DEI Strikes a Chicago Casino’s Financing PlanA lawsuit calls Bally’s plan with the city of Chicago to offer an ownership stake in the casino to women and minorities discriminatory.,"January 30, 2025 05:00 pm ET"
PoliticsState Department Reverses Near-Full Stop of Foreign AidMarco Rubio’s memo now exempts ‘core life saving programs’ but withholds assistance for diversity and abortions.,"January 28, 2025 10:02 pm ET"
LIVE COVERAGE POSTWyden Says Kennedy Has Embraced Conspiracy Theories,"January 29, 2025 10:16 am ET"
"WSJ ProCentral Banks ResearchSaudi Arabia Seeks to Decouple Economy From Oil, Finance Minister SaysSaudi Arabia aims to diversify its economy as part of the country’s long-term economic transformation plan, Finance Minister Mohammed Al-Jadaan tells Bloomberg at the World Economic Forum in Davos, Switzerland.","January 23, 2025 01:04 pm ET"
WSJ ProSustainable BusinessHow Do You Build a Forest-Restoration Project? Start by Becoming a Cattle Farmer.The CEO of carbon-removal firm Ponterra found that launching a new venture can be trickier than it first appears.,"January 27, 2025 10:37 am ET"
"Sustainable BusinessOrsted Replaces CEO as Wind Industry Faces ChallengesThe company said it is parting ways with Mads Nipper as it grapples with supply-chain bottlenecks, high financing costs and President Trump’s opposition to wind power.","January 31, 2025 06:53 am ET"
WSJ ProPro PE Fund NewsFrancisco Partners Banks $3.3 Billion for Private-Credit BetsThe firm raised the opportunistic lending vehicle in less than a year amid a slowdown in private-markets fundraising.,"January 23, 2025 06:30 am ET"
"Paid ProgramMiles That Define UsExploring the innovations from Hyundai that are poised to make our communities better, safer and more inclusive.",Tarih bulunamadı.
"National SecurityTrump Order Freezing Foreign Aid Halts Programs Worldwide, Prompts Confusion and Rush for WaiversThe suspension affects humanitarian programs, counterterrorism efforts and weapons financing.","January 28, 2025 12:04 am ET"
LIVE COVERAGE POSTSenate Panel Backs Bessent Nomination for Treasury,"January 21, 2025 10:41 am ET"
TechChinese and Iranian Hackers Are Using U.S. AI Products to Bolster CyberattacksA cyber-threat report from Google is shedding light on how foreign actors are leveraging generative AI to boost their hacking prowess.,"January 29, 2025 05:00 am ET"
BusinessWall Street Banks Prepare to Sell Billions of Dollars of X LoansBanks are hoping to sell the X debt at around 90 to 95 cents on the dollar.,"January 25, 2025 01:51 am ET"
"FinanceFormer Barclays CEO’s Relationship With Jeffrey Epstein Ran Deeper Than Disclosed“I toast your courage!!!!” Jes Staley wrote to Epstein the day he was released from jail, filings from the U.K.’s financial regulator show.","January 31, 2025 12:26 pm ET"
CommentaryOpinion: Trump and Congress Need to Attack the U.S. National DebtRising deficits and interest costs impede economic growth and undermine global trust in the dollar.,"January 29, 2025 04:54 pm ET"
"CryptocurrencyRepublicans Want to Kill Tax-Reporting Rule for Some Crypto TradesAs the industry’s clout grows, Congress could wipe out the IRS requirement for Form 1099 for decentralized transactions.","January 31, 2025 07:00 am ET"
"WSJ ProPro Bankruptcy Credit MarketsFirm Retention Summary: First Mode HoldingsThis is a summary of a request from First Mode Holdings to hire Latham & Watkins as bankruptcy co-counsel, filed Jan. 14 with the U.S. Bankruptcy Court in Delaware.","January 22, 2025 03:14 pm ET"
BusinessU.K. Banks Exposed To Motor Finance Rise After Treasury Seeks to Step InShares in U.K. banks that have motor-finance operations traded higher after the Treasury signaled its intention to intervene to protect car loan providers in a Supreme Court case.,"January 21, 2025 08:18 am ET"
LIVE COVERAGE POSTWhat Trump’s Cabinet Picks Tell Us About His Agenda,"January 29, 2025 07:15 am ET"
"BusinessGoogle to Put Warnings on U.K. Businesses Using Fake Online ReviewsThe search giant has offered to start punishing British businesses that boost their star ratings with fake reviews and the people that post them, ending the U.K. competition watchdog’s investigation into online reviews.","January 24, 2025 10:40 am ET"
"BusinessSAP Could Use Chinese AI Models if They Pass Tests, CFO SaysThe software group said it is open to leveraging AI models from the likes of DeepSeek if they meet certain cost, reliability and data privacy requirements.","January 28, 2025 06:49 am ET"
FinanceL.A. Fires Will Drain Public Coffers From Pasadena to UtahLocal-government taxes and fees are taking a hit ahead of a costly rebuild. Initial shortfalls are even spreading to bond markets.,"January 23, 2025 08:00 am ET"
LIVE COVERAGE POSTFunding Freeze Figures Into Kennedy Hearing,"January 29, 2025 10:25 am ET"
LIVE COVERAGE POSTCrapo Praises Kennedy's Commitment to Healthcare Change,"January 29, 2025 10:29 am ET"
LIVE COVERAGE POST​What Time Is RFK Jr.’s Second Senate Confirmation Hearing?,"January 30, 2025 08:47 am ET"
TechOpenAI Is Probing Whether DeepSeek Used Its Models to Train New ChatbotThe Silicon Valley-based startup said Chinese entities have tried to exfiltrate data from its tools.,"January 29, 2025 12:49 pm ET"
"EconomyCanada Delays Change to Capital-Gains Tax to 2026Canada’s government is reversing course on a signature tax measure, deferring the implementation of an increase to capital-gains tax until after an election and a potential hit to the economy from threatened U.S. tariffs.","January 31, 2025 12:14 pm ET"
LIVE COVERAGE POSTHow Many Votes Does RFK Jr. Need to Be Confirmed by the Senate?,"January 29, 2025 07:30 am ET"
Paid ProgramAre Your Cloud Investments Keeping Up With Changes in Your Business?Are your cloud investments keeping up with changes in the business? Here’s how FinOps helps organizations like GoDaddy continuously manage cloud costs.,Tarih bulunamadı.
"Autos IndustryThe Car Market’s Hottest Deal: The Cheap EV LeaseEasier access to a $7,500 federal tax break has helped fuel the leasing boom.","January 12, 2025 09:00 am ET"
ChinaXi Tells Officials Scared of Being Purged: It’s OK to Make MistakesChinese leader Xi Jinping’s decree to the Communist Party: Enforcing strict discipline shouldn’t fuel a climate of fear that saps the can-do spirit that once helped power China’s economic rise.,"January 19, 2025 12:01 am ET"
"LettersOpinion: The Dual Mandate Returns?With DEI on its way out, perhaps the Fed can stop pretending to save us from climate change.","January 24, 2025 11:52 am ET"
"Heard on the StreetA Good Year for Wall Street Isn’t the Same as a Good Year for BankingEven as trading and dealmaking surge, lending growth is muted.","January 15, 2025 12:57 pm ET"
BusinessFever-Tree Launches Share Buyback After Deal With Molson CoorsThe London-listed mixer-maker said Molson Coors would acquire an 8.5% shareholding in Fevertree.,"January 30, 2025 03:53 am ET"
"LIVE COVERAGE POSTDeepSeek Will Be Good for Business, ASML Chief Says","January 29, 2025 11:37 am ET"
Bookshelf‘The Word of Dog’: Four-Legged PhilosophersOur canine companions are experts at living in the moment.,"January 24, 2025 11:32 am ET"
CryptocurrencyTrump Launches Meme Coins Ahead of White House ReturnThe surging $TRUMP token had a market cap above $9 billion as of Sunday afternoon.,"January 19, 2025 05:53 pm ET"
"Bookshelf‘Superagency’: Bidding Farewell to DystopiaBetter to share technology broadly, in bite-size increments, than to smother it with regulation from the start, prompted by our worst fears.","January 27, 2025 02:14 pm ET"
"Middle EastIran Is Funding Hezbollah via Suitcases Stuffed With Cash, Israel WarnsIsrael alleges that Iranian diplomats and Turkish citizens are smuggling U.S. dollars through Beirut’s airport, propping up the militant group. Israel has lodged complaints with the U.S.-led committee overseeing the Lebanon cease-fire.","January 31, 2025 01:03 am ET"
Potomac WatchOpinion: Meet RFK Jr.’s MAHA EliteThere’s a reason Mike Bloomberg’s former health commissioners approve of the HHS nominee.,"January 30, 2025 05:25 pm ET"
CIO JournalHow a Free Software Strategy Catapulted DeepSeek to AI StardomThe Chinese AI upstart made the shrewd bet that American developers will latch on to its technology because it is open-source.,"January 29, 2025 05:00 pm ET"
"LIVE COVERAGE POSTLocals Ponder Cause of Crash, Impact on Area","January 30, 2025 04:00 pm ET"
"Pro BankruptcyCompanies From Afar Tap Houston Bankruptcy Court Despite Minimal Local TiesFor overseas debtors looking to file for bankruptcy in the U.S., “basically a dollar is enough” to show a business presence.","January 16, 2025 05:30 am ET"
Review & OutlookOpinion: Scott Bessent vs. Bernie SandersTheir exchange on the minimum wage shows two views of the world.,"January 17, 2025 05:43 pm ET"
Journal Reports: TechnologyHow to Cut AI’s Appetite for Electricity and WaterArtificial intelligence doesn’t have to be such a power guzzler. Here’s how to make it less hungry.,"November 21, 2024 09:22 pm ET"
"Paid ProgramInnovating to Thrive in UncertaintyHere’s how organizations are using the cloud to create efficiencies, deliver services more quickly and reduce waste.",Tarih bulunamadı.
CommentaryOpinion: Enough With Changing the ClockWe can live without the hour of daylight that it ‘saves’ for us.,"January 23, 2025 05:32 pm ET"
LIVE COVERAGE POSTSilicon Valley Responds to the Rise of DeepSeek,"January 28, 2025 02:07 pm ET"
"Personal SpaceHow to Write a Great Dating ProfileAvoid clichés, don’t talk about beaches, be specific and try to have fun.","January 23, 2025 09:00 pm ET"
LIVE COVERAGE POSTMarco Rubio Sworn in as Secretary of State,"January 21, 2025 10:27 am ET"
CMO TodayNielsen to End Panel-Only Ratings That Have Measured TV for DecadesThe dominant ratings provider hopes to fend off competitors by pivoting to a bundle that combines its consumer panels with data from smart TV makers and other digital sources.,"January 24, 2025 04:57 pm ET"
BusinessAmericans Don’t Eat Enough Bacon. The Pork King Has a Plan.Smithfield CEO Shane Smith took the country’s largest pork producer public in the U.S. this week. Now he faces the big challenge of getting us all to eat more.,"January 31, 2025 08:00 pm ET"
MasterpieceThe Jackson Hole History Museum’s Western EssenceThe Wyoming museum opened last year in a building that elegantly evokes the place’s past and the prominence of nature.,"January 25, 2025 07:00 am ET"
Review & OutlookOpinion: The Dumbest Trade War in HistoryTrump will impose 25% tariffs on Canada and Mexico for no good reason.,"January 31, 2025 05:41 pm ET"
LIVE COVERAGE POSTWhat Has RFK Jr. Said About Sugar?,"January 29, 2025 11:59 am ET"
Review & OutlookOpinion: The Great Biden Welfare BlowoutThe GOP can save huge sums by going back to pre-pandemic spending on Medicaid and food stamps.,"January 24, 2025 05:37 pm ET"
LettersOpinion: Don’t Bet on Criminals and Terrorists to Be TransparentThe CTA will struggle to work as designed.,"January 24, 2025 11:54 am ET"
"FitnessHow We Recover From Minor Injuries Is ChangingUpdated methods for treating sprains, strains and bruises now focus on boosting your body’s natural healing process.","January 25, 2025 06:00 am ET"
LettersOpinion: An Obituary That ResonatesA reader appreciates Gerard Baker’s tribute to his father.,"January 31, 2025 03:28 pm ET"
LIVE COVERAGE POSTBombardier CRJ700 Is a Popular Regional Jet Model,"January 30, 2025 06:40 pm ET"
Art Review‘Antonio Santín: Puente de Plata’ Review: Carpet Bombs of ColorThe painter’s hyperrealistic rugs at Marc Straus transcend their technical mastery to connect with visitors.,"January 31, 2025 05:28 pm ET"
EarningsMicrosoft’s Cloud Computing Business Hits a Speed BumpMicrosoft reported that its flagship cloud computing business experienced a slowdown in growth amid constraints on data center supply.,"January 29, 2025 07:54 pm ET"
"Latin AmericaTrump Says Colombia Will Accept Deportees, Ending Tariff StandoffThe president has made immigration an early priority to start second term, with ICE making more than 900 arrests Sunday.","January 26, 2025 10:59 pm ET"
Heard on the StreetNew ETFs Bet Investors Are Way Too Careful—Even When Buying BitcoinETFs that cap the cryptocurrency’s upside and downside are the latest example of products that remove too much risk to actually make sense.,"January 28, 2025 05:30 am ET"
"MarketsIntel to Separate Venture Capital Arm Into Standalone Investment FundThe chip maker said it will remain an investor in Intel Capital, founded in 1991 with over $5 billion in assets under management.","January 14, 2025 04:55 pm ET"
LIVE COVERAGE POSTRFK Jr.’s Nonprofit Sells Antivaccine Baby Clothing Flagged by Senator,"January 29, 2025 12:37 pm ET"
Paid ProgramSolving Industry Challenges With Machine LearningYou don’t need to be a machine learning expert to get the benefits. Learn how ready-made intelligence can help you innovate faster.,Tarih bulunamadı.
CIO JournalHow Tech Helped Levi’s Ride the ‘Baggy Jeans’ TrendA new data infrastructure helped Levi’s crunch the numbers on how everyone—not just the TikTok set—might want to go looser these days.,"January 27, 2025 06:00 am ET"
Heard on the StreetNew ETFs Bet Investors Are Way Too Careful—Even When Buying BitcoinETFs that cap the cryptocurrency’s upside and downside are the latest example of products that remove too much risk to actually make sense.,"January 28, 2025 05:30 am ET"
LIVE COVERAGE POSTRFK Jr.’s Nonprofit Sells Antivaccine Baby Clothing Flagged by Senator,"January 29, 2025 12:37 pm ET"
Oil MarketsU.S. Crude Oil Inventories Rise For First Time in 10 WeeksCommercial crude stockpiles rose by 3.5 million barrels. Analysts had predicted inventories would increase by 1.1 million barrels.,"January 29, 2025 11:22 am ET"
LIVE COVERAGE POSTDid RFK Jr.’s Lawyer Ask the FDA to Revoke Approval for the Polio Vaccine?,"January 29, 2025 09:30 am ET"
BusinessKohl’s Cuts 10% of Its Corporate WorkforceThe reductions come two weeks after the new chief executive took the reins.,"January 28, 2025 05:08 pm ET"
LIVE COVERAGE POSTBombardier CRJ700 Is a Popular Regional Jet Model,"January 30, 2025 06:42 pm ET"
WSJ ProPro BankruptcyHospital Operator Prospect Medical Files for BankruptcyProspect Medical Holdings bankruptcy filing follows clashes with state regulators over hospital conditions.,"January 12, 2025 07:23 pm ET"
Managing Your CareerHow Trump’s Assault on DEI Will Ripple Across Corporate AmericaNew executive orders aim to use the federal government’s purse strings to reshape the diversity practices of companies it does business with. But that isn’t all.,"January 24, 2025 09:48 pm ET"
"WSJ ProPro Bankruptcy Credit MarketsFirm Retention Summary: The Container Store GroupThis is a summary of a request from The Container Store Group to hire Latham & Watkins as bankruptcy counsel, filed Jan. 3 with the U.S. Bankruptcy Court in Houston.","January 14, 2025 06:58 pm ET"
CommentaryOpinion: Marco Rubio: An Americas First Foreign PolicyU.S. diplomats have neglected the Western Hemisphere for too long.,"January 30, 2025 04:55 pm ET"
"WSJ ProPro Cyber NewsSectigo Buys Entrust’s Public Certificate BusinessSectigo bought Entrust’s public certificate business, around half a year after major browsers said they would no longer recognize the troubled unit’s products.","January 29, 2025 01:00 pm ET"
"BusinessFinancial Services Roundup: Market TalkRead about the December retail sales numbers, home tours and pending sales,  the Italian banking sector, and more in the latest Market Talks covering financial services.","January 16, 2025 04:57 pm ET"
LIVE COVERAGE POSTWichita Prayer Vigil Draws Hundreds,"January 30, 2025 03:29 pm ET"
"LIVE COVERAGE POSTBlack Hawk Helicopter Crew’s Families Have Been Notified, Hegseth Says","January 31, 2025 11:57 am ET"
Middle EastChina Is Helping Supply Chemicals for Iran’s Ballistic-Missile ProgramTehran’s growing reliance on Beijing—a consequence of the battering its missile program has suffered from Israeli strikes—highlights the alignment of Iran and China with Russia and North Korea.,"January 23, 2025 05:48 pm ET"
Bookshelf‘And the Roots of Rhythm Remain’: Groove Around the GlobeWhat American record buyers discovered in ‘80s and ‘90s as “world music” was no novelty to the musicians who had been making it for years .,"January 24, 2025 11:58 am ET"
WSJ Site SearchThe Wall Street Journal Community Rules & Commenting FAQs,"January 24, 2025 01:57 pm ET"
"LIVE COVERAGE POSTAmerican Airlines CEO Releases Statement, Traveling to D.C.","January 30, 2025 12:22 am ET"
"My Monday MorningWhy Lucy Liu Believes in SpiritsThe actress, who stars in Steven Soderbergh’s “Presence”’ talks about souls, painting and the possibility of a third “Charlie’s Angels.”","January 20, 2025 08:00 am ET"
Paid ProgramPowering the Future of Retail and HospitalityHow cloud technology helps retail and hospitality companies increase customer engagement and satisfaction.,Tarih bulunamadı.
"LIVE COVERAGE POSTWhat Is Mifepristone, the Abortion Drug at Issue in the Hearing?","January 29, 2025 12:09 pm ET"
"Bookshelf‘Plato’ and ‘Phocion’: Athens Beyond DemocracyIn the complex and often violent political arena of ancient Greece, ideals of civic engagement and self-determination mingled uneasily with the realities of power.","January 31, 2025 11:52 am ET"
"LettersOpinion: Don’t Count on an Easy California ComebackWithout profound political and cultural change, saving the state will be an exceptionally tall order.","January 28, 2025 02:22 pm ET"
"PoliticsPentagon Plans for Bigger U.S. Troop Role at BorderPresident Trump has called migrants, drug-traffickers and smugglers an invasion requiring a military response.","January 21, 2025 07:57 pm ET"
"Bookshelf‘Beyond the Call of Duty’: Col. Robert Howard’s ServiceThe story of the life, military achievements and battle scars of one resilient Green Beret.","January 30, 2025 06:19 pm ET"
"ScienceScientists Unravel Mystery of How This Tiny Bat Travels Hundreds of MilesThe common noctule is found in Europe, North Africa and Asia. Pregnant females hitch rides on storm winds to cover hundreds of miles.","January 22, 2025 10:00 am ET"
Bookshelf‘House of Huawei’: The Path to DominanceA telecom company has helped transform China into a surveillance state and threatens America’s tech supremacy and global influence.,"January 14, 2025 05:10 pm ET"
"Central BanksChina Central Bank Keeps Key Policy Rate SteadyChina’s central bank kept a key policy rate steady while injecting liquidity into the financial market, signaling that it may hold benchmark rates unchanged for longer.","January 23, 2025 08:52 pm ET"
National SecurityPentagon Prepares to Deploy Thousands of Troops From Combat Units to Southwest BorderThe unusual use of front-line troops on border comes after Trump ordered the military to give priority to border security.,"January 24, 2025 05:36 pm ET"
CommentaryOpinion: Why Are There Two Temperatures?It’s more useful to know how cold it feels than how cold it is.,"January 22, 2025 04:34 pm ET"
LIVE COVERAGE POSTRFK Jr. Says Something in Food Supply Is ‘Poisoning’ Americans,"January 29, 2025 01:08 pm ET"
"My Monday MorningChristopher Walken Has Never Owned a Cellphone”I don’t have technology,” says the 81-year-old actor, who stars in the sci-fi series “Severance.’”","January 27, 2025 08:00 am ET"
EuropeMan Who Burned Qurans in Sweden Shot Dead During TikTok LivestreamIraqi atheist Salwan Momika’s provocations had sparked violent protests and prompted Turkey to suspend NATO negotiations with Sweden.,"January 30, 2025 10:47 am ET"
"Bookshelf‘Stomp Off, Let’s Go’: How to Make a SatchmoThe early years of Louis Armstrong’s life in New Orleans steeped him in the city’s rich musical culture. His ambition took him elsewhere.","January 31, 2025 11:31 am ET"
"HealthDrugmakers Show Restraint on Price Increases in New Trump EraThe companies raised prices a median 4%, though some drugs will cost thousands of dollars more.","January 28, 2025 03:00 pm ET"
Review & OutlookOpinion: Biden’s AI Data Center and Climate ContradictionHe opens federal land for data centers but only with renewable power.,"January 15, 2025 05:33 pm ET"
"TechDeepSeek’s Chatbot Works Like Its U.S. Rivals—Until You Ask About TiananmenThe new Chinese AI tool gives more limited, and propaganda-infused, information on sensitive topics.","January 30, 2025 12:05 am ET"
BusinessWhole Foods Workers in Philadelphia Form Grocer’s First Union in DecadesEmployees vote to organize under UFCW as the store becomes the only union-represented Whole Foods location.,"January 27, 2025 09:49 pm ET"
Paid Program5 Technology Areas to Watch in 2023Predictions: What will key players in health care and energy use to create a meaningful impact on our lives?,Tarih bulunamadı.
LettersOpinion: Thanks to Mitch McConnellFor sparing us Justice Merrick Garland.,"January 20, 2025 03:14 pm ET"
LettersOpinion: Paging DeepSeek’s DEI StaffDon’t be surprise if the office at the emerging company is empty.,"January 30, 2025 04:42 pm ET"
FinanceMajor Penn Entertainment Shareholder Launches Proxy FightHG Vora has criticized the casino operator’s M&A history and share performance.,"January 29, 2025 05:12 pm ET"
"LIVE COVERAGE POSTOracle, Super Micro Pummeled in Rout of AI Infrastructure Stocks","January 27, 2025 11:44 am ET"
Real EstateInsurance and Taxes Now Cost More Than Mortgages for Many HomeownersThese ballooning expenses are rewriting the math of homeownership.,"December 23, 2024 09:00 pm ET"
"Heard on the StreetDeepSeek Won’t Sink U.S. AI TitansPanic fueling the selloff of Nvidia, Broadcom and other tech giants is overblown.","January 27, 2025 05:20 pm ET"
Review & OutlookOpinion: Biden Betrays the Cuban PeopleIn his final week he helps the Havana regime that is struggling to survive.,"January 15, 2025 05:31 pm ET"
"CryptocurrencyIn China, a Cat-and-Mouse Game to Rein In CryptoRecent court cases reveal how middlemen are facilitating a booming trade, eluding a crackdown.","January 26, 2025 12:01 am ET"
"LIVE COVERAGE POSTTravelers at Reagan National Airport Unnerved, Will Keep Flying","January 30, 2025 01:04 pm ET"
"LIVE COVERAGE POSTStablecoin Issuer Circle Buys Hashnote, a Crypto Asset Manager","January 21, 2025 11:16 am ET"
LIVE COVERAGE POSTPrediction Market Kalshi Launches Sports Betting,"January 23, 2025 01:54 pm ET"
"Bookshelf11 Books We Read This WeekMarching with Sherman, the afterlife of Dante’s vision, what dogs teach us and more.","January 24, 2025 01:37 pm ET"
The Saturday EssayThe Darkening Skies Over Europe’s EconomyPessimism prevails on the continent as businesses turn their eyes to Trump’s America. Will this be the shock the EU needs to reform?,"January 31, 2025 11:46 am ET"
U.S.A Shadow Power Broker Is Swooping In to Rebuild the Pacific PalisadesBillionaire developer Rick Caruso is forming a nonprofit to help speed the Los Angeles neighborhood’s recovery from fierce wildfires.,"January 23, 2025 08:02 pm ET"
"LettersOpinion: A Malibu Official on the California WildfiresFor years, some of us have fought for putting utility equipment underground.","January 21, 2025 05:19 pm ET"
"Oil MarketsOil Jumps on Fresh U.S. Sanctions Against RussiaA fresh wave of U.S. sanctions against Russia’s oil industry threatened to disrupt global supplies, sending crude prices to their highest in more than four months.","January 13, 2025 07:38 am ET"
FinanceHow Five Pros Are Inflation-Proofing Their InvestmentsSome on Wall Street think the fight to stabilize prices isn’t over yet.,"January 1, 2025 05:30 am ET"
"BusinessCountry Garden Shares Rise After Monthslong SuspensionShares in the company, once one of China’s largest developers, rose on the resumption of trade after it pledged to reach a debt-restructuring deal with creditors.","January 21, 2025 12:10 am ET"
TechAI Needs a Lot of Computing Power. Is a Market for ‘Compute’ the Next Big Thing?Startup trading platforms seek to capitalize on AI’s need for vast amounts of processing capacity.,"January 29, 2025 09:37 pm ET"
Paid Program3 Ways Computer Vision and IoT Can Transform OperationsHow leading organizations are using cloud technology to transform operations and cut costs.,Tarih bulunamadı.
FinanceHow Five Pros Are Inflation-Proofing Their InvestmentsSome on Wall Street think the fight to stabilize prices isn’t over yet.,"January 1, 2025 05:30 am ET"
"BusinessCountry Garden Shares Rise After Monthslong SuspensionShares in the company, once one of China’s largest developers, rose on the resumption of trade after it pledged to reach a debt-restructuring deal with creditors.","January 21, 2025 12:10 am ET"
TechAI Needs a Lot of Computing Power. Is a Market for ‘Compute’ the Next Big Thing?Startup trading platforms seek to capitalize on AI’s need for vast amounts of processing capacity.,"January 29, 2025 09:37 pm ET"
"Journal Reports: RetirementThe Best Thing About Retirement, According to WSJ ReadersSome are living their healthiest lives, while others have found new passions or rediscovered old favorites.","November 17, 2024 09:00 am ET"
"PoliticsSome Trump Nominees Run Into Trouble in Confirmation HearingsIntelligence nominee Tulsi Gabbard and health pick Robert F. Kennedy Jr. sparred with the senators, while FBI pick Kash Patel stayed on track.","January 30, 2025 04:57 pm ET"
"Bookshelf‘Under Cover of Darkness’: Murder in Wartime LondonBritain’s capital went dark with the onset of the Blitz, turning the city into a place of criminal opportunity.","January 31, 2025 11:39 am ET"
"AsiaBlue Pool Capital Buys Stake in Super-Star Sneaker Maker Golden GooseGolden Goose, the maker of the Super-Star sneakers brand, said Hong Kong investment firm Blue Pool Capital acquired a minority stake, a move that is expected to support the Italian fashion company’s growth ambitions.","January 28, 2025 05:38 am ET"
LIVE COVERAGE POSTAI Rout Sends Independent Power Stocks Tumbling,"January 27, 2025 04:12 pm ET"
"Food & DrinkTo Express Your Eternal Devotion, Make Salted-Caramel Profiteroles in Under an HourStuffed with ice cream, dripping with a delicious Toblerone ganache, these golden pastry puffs are the best Valentine you can bake. They might also be the easiest.","January 23, 2025 11:15 am ET"
TechReid Hoffman Raises $24.6 Million for AI Cancer-Research StartupThe LinkedIn co-founder is starting Manas AI with “The Emperor of All Maladies” author Siddhartha Mukherjee.,"January 27, 2025 08:00 am ET"
"Economy Week AheadWeek Ahead for FX, Bonds: Key U.S. Data, News on Tariffs in FocusA raft of U.S. economic data will provide plenty for investors to watch out for in the coming week, including ISM data on manufacturing and services as well as closely-watched nonfarm payrolls figures for January.","January 31, 2025 01:02 pm ET"
"Bookshelf‘Scattergood’ Review: Problem ChildhoodIn H.M. Bouwman’s novel for young readers, a girl’s talent for math and chess leads her into unusual friendship.","January 24, 2025 11:52 am ET"
LIVE COVERAGE POSTTrump Signs Executive Order to Help TikTok Avoid a Ban,"January 20, 2025 08:31 pm ET"
"TechDeepSeek Scrambles U.S.-China Tech WarThe U.S. tried to slow China’s advances, but the startup showed how hard that is.","January 29, 2025 10:27 am ET"
TechSamsung Expects Limited Earnings Growth Amid Chip WoesThe world’s largest maker of memory chips and smartphones forecasts limited earnings growth in the current quarter as profitability at its core semiconductor business continues to weaken.,"January 30, 2025 10:52 pm ET"
Bookshelf‘Song of a Blackbird’: Her Grandmother’s SecretsMaria van Lieshout’s graphic novel follows a teenage girl’s investigation of her family history and revelations about life in Amsterdam under the Nazis.,"January 24, 2025 11:42 am ET"
"BusinessEnergy & Utilities Roundup: Market TalkFind insight on  Blackstone and ABB, oil prices, Tullow Oil, and more in the latest Market Talks covering energy and utilities.","January 30, 2025 04:58 pm ET"
"TechOpenAI’s Sam Altman, SoftBank’s Masayoshi Son Are AI’s New Power CoupleThe Japanese conglomerate is in talks to spend up to $43 billion to boost the ChatGPT developer.","January 30, 2025 11:07 pm ET"
"PoliticsTrump Draws Bright Line Between Sexes. Headaches Are Ahead.Executive order requires changes to passports, prisons and other areas of American life.","January 25, 2025 09:00 pm ET"
"TechTech, Media & Telecom Roundup: Market TalkFind insight on CGI, ASML, DeepSeek, and more in the latest Market Talks covering Technology, Media and Telecom.","January 29, 2025 12:24 pm ET"
Paid Program3 Ways Computer Vision and IoT Can Transform OperationsHow leading organizations are using cloud technology to transform operations and cut costs.,Tarih bulunamadı.
"LettersOpinion: AI Gets a Welcome White House CheerleaderWithout it, America risks losing its edge.","January 31, 2025 03:29 pm ET"
Review & OutlookOpinion: Trump’s Shrewd Order Killing DEIHe restores an ethic of merit and eliminates a large bureaucracy.,"January 22, 2025 05:54 pm ET"
"A-hedA Hobbyist’s Death Starts a Race to Save a RailroadA model railroad club seeks a buyer for the New Jersey house that’s been its home for six decades. The pitch: Inherit 3,500 feet of track and 30 of “your strangest new best friends.”","January 15, 2025 05:30 am ET"
LIVE COVERAGE POSTWhirlpool Stock Plunges After Appliance Maker Predicts Weaker Earnings,"January 29, 2025 05:07 pm ET"
LIVE COVERAGE POSTWhy Italy's Pre-Eminent Investment Bank Wants to Avoid a Merger,"January 28, 2025 11:32 am ET"
CanadaFormer Central Banker Mark Carney Seeks Leadership of Canada’s Liberal PartyCarney promised an economic agenda focused on lifting the country from a period of stagnant growth.,"January 16, 2025 05:15 pm ET"
PoliticsTrump’s War on DEI Freezes Diversity Work Across Federal GovernmentAgencies remove webpages on the topic and place staffers on paid leave.,"January 22, 2025 09:15 pm ET"
PoliticsTrump Administration Orders Agencies to Find More DEI Workers to AxGovernment offices have cut dozens of positions and canceled millions of dollars in contracts to comply with a presidential ban on diversity efforts.,"January 30, 2025 05:30 am ET"
"CommentaryOpinion: DOGE’s Challenge Is GargantuanTake a peek at what all those bureaucrats are doing, from watermelons and whales to wampum.","January 20, 2025 03:06 pm ET"
PoliticsInside Trump’s Oval Office—Version 2.0Spoiler alert: The Diet Coke button is back.,"January 20, 2025 07:26 pm ET"
TechApple iPhone Sales Shrink Slightly as Investors Await AI PayoffThe company has heavily advertised AI features since the latest iPhones were released in September.,"January 30, 2025 06:31 pm ET"
"WSJ ProPro PE Fund NewsGuggenheim Closes $400 Million Credit Offering With Boost From Asset SaleThe New York investment manager attracted new backers, including Allianz Global Investors, by allowing them to acquire existing debt investments as well as put up cash for new ones.","January 22, 2025 06:00 am ET"
"Art Review‘Lillie P. Bliss and the Birth of the Modern’ Review: MoMA’s Vanguard WomanThe Museum of Modern Art devotes an exhibition to one of its founders, a knowledgeable collector whose taste for Cezanne, Picasso and other pioneering artists shaped the institution as it stands today.","January 15, 2025 01:29 pm ET"
"BusinessRoche’s Muscle-Wasting Treatment Shows Positive ResultsThe data showed reduced difficulties in standing, walking and running that were statistically significant, the company said.","January 27, 2025 01:59 am ET"
"LIVE COVERAGE POSTCoinbase Would Delist Stablecoin Tether if Required by Law, CEO Says","January 21, 2025 01:40 pm ET"
CryptocurrencyCrypto Thought Trump Would Bring It Legitimacy. Then He Launched a Meme Coin.Industry players worry the success of the president’s meme coin will undermine the credibility they have worked hard to cultivate.,"January 21, 2025 07:07 pm ET"
HomesForget Everything You Know About English Country HousesBritish homeowners are flexing a loophole to build cutting-edge contemporary homes in protected rural areas.,"January 21, 2025 09:00 pm ET"
"Economic DataGerman Economic Hopes Slump Amid Uncertainty at Home and AbroadThe mood among German businesses darkened this month, with the ZEW Indicator of Economic Sentiment dropping lower than expected, as the country braces for new administrations in both Washington and Berlin.","January 21, 2025 06:16 am ET"
"PoliticsVaccine Information, Transgender References Disappear From Federal WebsitesOfficials removed pages containing references to gender identity and diversity.","January 31, 2025 07:03 pm ET"
"Journal Reports: LeadershipBiggest Gains in Social Responsibility in the Management Top 250Analog Devices heads the list, followed by Intuit and Juniper Networks","January 29, 2025 10:00 am ET"
Paid ProgramDriving Generative AI Innovation at Scale at Amazon3 ways Amazon team leaders tapped in to the transformational power of generative AI to enhance the customer experience.,Tarih bulunamadı.
"WSJ ProCentral Banks CommentaryReserve Bank of Australia’s Days of Self-Doubt Need to EndFor a number of years, the Reserve Bank of Australia has been operating under a cloud of self-doubt that it should work to throw off.","January 30, 2025 11:02 pm ET"
PoliticsPresidential Pardons Escalate as Modern Political WeaponDueling moves by Trump and Biden open new frontiers for one of the most sweeping powers in the Constitution.,"January 23, 2025 08:13 am ET"
"FashionThe Polka Dot’s Past Is Weirder Than You ThinkOnce associated with the plague, the polka dot jhas become a wardrobe power-player for everyone from Minnie Mouse to Kate Middleton.","January 23, 2025 12:45 pm ET"
Film Review‘Companion’ Review: A Meet-Cute MalfunctionJack Quaid and Sophie Thatcher star in a wickedly clever horror film about a man and his AI girlfriend.,"January 30, 2025 12:50 pm ET"
"LIVE COVERAGE POSTHeard on the Street Recap: Shaken, Not Stirred","January 13, 2025 04:46 pm ET"
"CIO JournalCVS Wants to Help You Spend Less Time in CVSSuperlong pharmacy lines and locked-up cabinets are among the areas the healthcare company is targeting with a new app, unveiled Tuesday.","January 28, 2025 12:01 am ET"
"SportsBoo Novak Djokovic? Don’t You DareA tennis master is forced to depart an Australian Open semifinal with an injury, riling some in the crowd. At 37, it may be harder than ever to bounce back.","January 24, 2025 09:20 am ET"
"Arts CalendarArts Calendar: Happenings for the Week of January 26A medical-mystery take on Arthur Conan Doyle’s Watson, The Weeknd issues his anticipated ‘Hurry Up Tomorrow,’ ‘Schmigadoon!’ gets a stage adaptation, and more.","January 26, 2025 05:00 am ET"
"EconomyThe Winning Combination Helping This European Economy Keep Pace With AmericaSpain’s economy grew last year at a pace that likely outstripped its European peers and even the U.S, driven by tourists and immigrants.","January 29, 2025 04:51 am ET"
LIVE COVERAGE POSTWhat Is DeepSeek and Why Is It Rattling Tech Stocks?,"January 27, 2025 04:38 am ET"
"PoliticsWhite House Budget Freeze Tried to Flip Script on Busted Budget ProcessPresidents from both parties, including Trump, have let the budget grow and grow. The White House is trying to make changes on its own.","January 28, 2025 05:23 pm ET"
BusinessA TikTok Ban Is Imminent: What Are the Financial Stakes?The app’s demise threatens to remove billions of dollars from the content creators and small businesses that rely on it.,"January 18, 2025 01:28 pm ET"
"Journal Reports: LeadershipTop Companies for Customer SatisfactionIron Mountain leads this category in the Management Top 250, followed by Intel and Ball","January 22, 2025 10:00 am ET"
U.S.California Emergency Workers Are Battling a New and Potentially Deadly Threat: MudslidesSchools and roads closed after weekend storms brought heavy rain and snow to Southern California.,"January 27, 2025 10:39 am ET"
"StreetwiseWhich Trump Trades Worked—and Which Very Much Didn’tInvestors have struggled to navigate the election, underlining the difficulty Wall Street so often has with politics.","January 19, 2025 05:30 am ET"
PoliticsTrump Signs Executive Orders Focused on the Border and EnergyThe president uses the first day of his second term to unwind signature Biden administration policies.,"January 20, 2025 10:39 pm ET"
The Intelligent InvestorYou Can Own Elon Musk’s SpaceX. But at What Price?An ETF that can trade all day is investing in an asset that rarely changes hands. Figuring out what it’s worth is a guessing game.,"January 24, 2025 05:42 pm ET"
"Main StreetOpinion: Donald Trump, Act IIIHe overcame huge personal challenges. Now can he do the same for the country?","January 20, 2025 05:22 pm ET"
LettersOpinion: The State’s Faith and the Classroom’s Religion‘Federal money leads to federal control.’,"January 12, 2025 03:56 pm ET"
Paid ProgramTransforming the Driver ExperienceWhy these cloud-powered smart products are poised to become the next big thing.,Tarih bulunamadı.
"Music Review‘List of Demands’ by Damon Locks Review: Anxiety and HopeThe Chicago-based musician combines jazz, poetry and archival sounds on an album of category-defying sonic collages.","January 30, 2025 04:08 pm ET"
Europe MarketsU.K. Is the Biggest Loser From Rise in YieldsThe magnitude of the selloff served as a reminder that rising borrowing costs will have consequences for highly indebted governments.,"January 10, 2025 06:13 am ET"
"EssayMAGA Madness Descends on Palm BeachBlue-blood locals don’t know what to make of all the blockades, Cybertrucks and glitz.","January 10, 2025 11:04 am ET"
WorldPutin and Xi Stick Together in Video Call After Trump’s InaugurationThe U.S.’s two most powerful adversaries agreed to work more closely on overhauling a world order they see as orbiting around the West.,"January 21, 2025 12:14 pm ET"
WorldInside an Elite Ukrainian Unit’s Mission to Capture a North Korean SoldierUkraine wanted to show that North Korean troops are fighting alongside Russian troops. It took a high-stakes mission to prove it.,"January 19, 2025 11:00 pm ET"
FinanceBlackRock Executive Seen as Leading CEO Contender to Leave FirmMark Wiedman was most recently head of BlackRock’s global client business,"January 14, 2025 03:16 pm ET"
"Journal Reports: LeadershipYour Company Is Watching You. And Probably Doing It All Wrong.Employers often feel like they have to keep an eye on their workers, especially those working remotely. There are bad ways to do it and not-as-bad ways.","September 14, 2024 10:00 am ET"
WSJ ProPro VC New MoneyVerdiva Bio Raises $411 Million for Obesity TreatmentBiotechnology companies are developing novel obesity medicines to compete with blockbuster weight-loss drugs.,"January 9, 2025 02:00 am ET"
"Politics & IdeasOpinion: What the People Want—and Don’tVoters back some of Trump’s promises, but others are sure to set off a backlash.","January 21, 2025 12:45 pm ET"
"Art Review‘The Art of French Wallpaper Design’ Review: A Passion for PatternsThe RISD Museum highlights the fragile beauty and striking designs of centuries-old examples of wallpaper from the collection of a French-American couple, purchased in 1934.","January 22, 2025 12:40 pm ET"
LIVE COVERAGE POSTWhite House Confirms Ramaswamy Won't Stay With DOGE,"January 20, 2025 06:05 pm ET"
National SecurityHouse Speaker Johnson Removes Intelligence ChairmanRep. Mike Turner says his ouster was driven by “concerns from Mar-a-Lago.”,"January 15, 2025 08:53 pm ET"
"U.S. EconomyTrump Tries to Forge ‘Golden Age’ Economy of Self-Reliance and DefianceIn describing his economic priorities, Trump has referenced another Republican president, William McKinley, who presided over an era of rapid industrialization.","January 25, 2025 09:00 pm ET"
"LettersOpinion: A Few Intelligent Thoughts on the Subject of Stupidity‘And what rough beast, its hour come round at last, slouches towards Bethlehem to be born?’","January 22, 2025 12:54 pm ET"
LIVE COVERAGE POSTHeard on the Street Monday Recap: DeepSink,"January 28, 2025 03:41 am ET"
"BusinessEnergy & Utilities Roundup: Market TalkFind insight on SSE, National Grid and more in the latest Market Talks covering Energy and Utilities.","January 20, 2025 04:35 am ET"
"BusinessApple, Google Mobile Ecosystems Face U.K. Probe Under New Tech RulesThe country’s Competition and Markets Authority is investigating mobile ecosystems controlled by Apple and Alphabet’s Google to work out if they need to obey a strict new law governing digital competition.","January 23, 2025 07:00 am ET"
LettersOpinion: The CTA Takes Aim at Criminals and MissesAny crime it prevents would be offset by different crimes against business people.,"January 28, 2025 02:21 pm ET"
Paid ProgramThe Generative AI Blueprint for EnterpriseHow to tap the transformative potential of this revolutionary technology.,Tarih bulunamadı.
LIVE COVERAGE POSTOne Tech Mogul Spends Inauguration Day in China,"January 21, 2025 12:04 am ET"
Real EstateMortgage Rates Top 7% for First Time Since Mid-2024Higher rates are dimming hopes for a recovery in the sluggish housing market.,"January 16, 2025 04:50 pm ET"
"CommentaryOpinion: Trump Can Make Russia Pay to Rebuild UkraineThe West has frozen $300 billion of Moscow’s assets, but Europe has stood in the way of using them.","January 16, 2025 05:12 pm ET"
LIVE COVERAGE POSTHeard on the Street Monday Recap: DeepSink,"January 28, 2025 03:41 am ET"
"BusinessEnergy & Utilities Roundup: Market TalkFind insight on SSE, National Grid and more in the latest Market Talks covering Energy and Utilities.","January 20, 2025 04:35 am ET"
Journal Reports: LeadershipCarnival Is the Biggest Gainer in the Management Top 250Nvidia and Cintas had the next-biggest increases in overall score,"January 15, 2025 10:00 am ET"
"LIVE COVERAGE POSTCourt Battles Between Trump, Environmental Groups Set to Begin","January 20, 2025 12:25 pm ET"
"BusinessUPS Stock Sinks on Plans to Slash Business with AmazonUPS projected a decline in revenue for the current year, with a key factor being plans to phase out more than half of the business it does with Amazon over the next 18 months.","January 30, 2025 02:18 pm ET"
"Bookshelf‘Realm of Ice and Sky’: On Top Of the WorldIn the early hours of May 12, 1926, the navigator of the Norge cried “Here we are!” The airship had reached the North Pole.","January 29, 2025 02:43 pm ET"
CMO TodayKantar Media Is Being Sold to H.I.G. Capital for About $1 BillionThe media measurement and analytics company will part from parent Kantar Group.,"January 17, 2025 06:07 pm ET"
Future ViewOpinion: Is Time Up for the TikTok Ban?Students discuss why Donald Trump gave the app a reprieve.,"January 28, 2025 05:35 pm ET"
"PoliticsTrump Ready to Bypass Congress on Border and TariffsEmboldened by voter support and past legal wins, the new administration intends to move aggressively and push the limits of presidential authority, while softening some campaign rhetoric.","January 17, 2025 12:03 pm ET"
"LIVE COVERAGE POSTTrump to Meet With GOP House, Senate Leaders","January 21, 2025 09:43 am ET"
FinanceGoldman Sachs Gives Solomon $80 Million to StayRetention bonus and big pay raise quell any remaining questions about the CEO’s ability to stay in place,"January 17, 2025 04:52 pm ET"
CryptocurrencyWant to Double Your Exposure to the Trump Meme Coin? There’s an ETF in the Works for That.Speculative meme coin funds will test the Securities and Exchange Commission’s boundaries under President Trump.,"January 31, 2025 09:00 am ET"
CMO TodayYour Next Apartment Rental May Also Be a Marketing CampaignBranded residences are expanding from multimillion-dollar penthouses to affordable rentals like New Jersey’s Fiat House.,"January 30, 2025 06:00 am ET"
Bookshelf‘Syme’s Letter Writer’: Yours TrulyOne reason to start writing letters the old-fashioned way: Opening the mail can be fun.,"January 31, 2025 11:26 am ET"
"LIVE COVERAGE POSTCoinbase Lists Trump’s Meme Coin, $TRUMP","January 21, 2025 03:15 pm ET"
Paid ProgramModernize Your BusinessIt’s not just an IT thing. It’s an all-hands-on-deck thing. And it takes business leaders to make it happen.,Tarih bulunamadı.
"U.S. EconomyU.S. Consumers Lose Confidence at Start of Trump’s Second TermConfidence among U.S. consumers weakened for a second-straight month, reflecting retreating optimism of both current and future conditions.","January 28, 2025 11:22 am ET"
LIVE COVERAGE POSTWhy a New $2 Trillion Asset Manager Is Coming Together in Europe,"January 21, 2025 06:59 am ET"
"Heard on the StreetHow Oracle Plays Cheaply in AIThe software company has less spending power than other megacap techs, but partnerships and its data-center design give it flexibility.","January 23, 2025 05:30 am ET"
"BusinessFinancial Services Roundup: Market TalkFind insight on the California wildfires and insurance costs,  KB Home, Fiserv, and more in the latest Market Talks covering Financial Services.","January 14, 2025 04:55 pm ET"
"Heard on the StreetWall Street Is Booming, but Banks Are in a Lending RutThe weak pace of loan growth is a worry, particularly for regional lenders.","January 31, 2025 05:30 am ET"
"Art Review‘Somewhere to Roost’ Review: Domestic Bliss With a Feathered TwistAt the American Folk Art Museum, notions of home are explored through objects that, at their best, create an intimate bond across centuries between visitors and the people who once owned them.","January 17, 2025 03:37 pm ET"
"EconomyU.S. Consumer Confidence Dips as Inflation Expectations SpikeU.S. consumer confidence clouded over a little this month, after views of the economy weakened on expectations of higher inflation, as President-elect Donald Trump prepares to take office proposing tax cuts and new import tariffs.","January 10, 2025 10:35 am ET"
Review & OutlookOpinion: Trump’s Lumber Tariffs and Disaster RecoveryBorder taxes on imports from Canada will slow rebuilding in Los Angeles and North Carolina.,"January 26, 2025 05:11 pm ET"
MusicDrake Sues Universal Music Group for Defamation Over Kendrick Lamar Diss TrackThe rapper alleges the label promoted “Not Like Us” to harm him and drive profits. Universal denied the allegations.,"January 15, 2025 04:06 pm ET"
Film Review‘Presence’ Review: Steven Soderbergh Rethinks the Ghost StoryLucy Liu stars in the director’s clever haunted-house mystery that adopts the perspective of the specter.,"January 23, 2025 02:08 pm ET"
"BusinessAmazon Willing to Discuss Quebec Shutdown With Canadian OfficialsAmazon.com said it is open to talks with officials from the Canadian and Quebec governments about the decision to shut down operations in the country’s French-speaking province, which would lead to 1,700 people losing their jobs.","January 24, 2025 05:34 pm ET"
"A-hedTravelers Discover Vacationing in a Ghost Town Can Be GrimSome abandoned locales are marketing longer stays, but visitors say that’s too much time with actual ghosts; chased by drones","January 16, 2025 05:30 am ET"
"FashionStylish Workout Clothes Are Expensive. A Marathoner’s Guide to Shopping Smarter.Determined to hit the gym more in 2025? From $160 tops to $420 shorts, workout clothes can cost eye-watering sums. Here, no-nonsense advice for men and women.","January 24, 2025 02:00 pm ET"
"Pro Cyber NewsBiden Issues 11th-Hour Cyber Executive OrderBrandishing $102 billion in I.T. purchasing power, the U.S. will require tech firms that want government contracts to meet higher security standards, the White House says.","January 16, 2025 05:30 am ET"
"BusinessEnergy & Utilities Roundup: Market TalkFind insight on oil prices, SSE, Iberdrola and more in the latest Market Talks covering Energy and Utilities.","January 22, 2025 04:56 pm ET"
CommentaryOpinion: Trump’s ‘Energy Emergency’ and the IEAHow the agency went from being an honest broker to the Paris Agreement’s ‘armed wing.’,"January 23, 2025 02:50 pm ET"
"A-hedAmerica’s $3 Billion Habit: Meat SticksThe snack’s popularity has brought a proliferation of new flavors and high-end options. For some fans, that’s a problem.","January 26, 2025 05:30 am ET"
"Personal FinanceWhat’s New This Tax Season That Can Save You MoneyThere are some new wrinkles, especially for those who sell things online or bought an EV.","January 27, 2025 05:30 am ET"
BusinessPork Giant Smithfield Returns to U.S. Stock MarketShares closed down in their first day of trading. CEO Shane Smith said the company is at its peak despite threats of tariffs and concerns over its Chinese ownership.,"January 28, 2025 05:30 pm ET"
Paid ProgramTransforming Movie and TV Production With the CloudHow cloud technology is driving a new era of movie magic and binge-worthy entertainment.,Tarih bulunamadı.
U.S.Political Plays Fueled More Congestion at Reagan National AirportThe airport preferred by Washington lawmakers and lobbyists lies in some of the most congested airspace in the country.,"January 30, 2025 01:27 pm ET"
LettersOpinion: Are Food Additives Worse Than Sugar?It’s worth thinking about when investigating the increase in colon cancer in young people.,"January 20, 2025 03:16 pm ET"
StyleAmerica’s Wellness Capital Seeks a Wildfire DetoxWarnings of water and air contamination have locals on high alert. Some are taking safety into their own hands.,"January 21, 2025 10:05 pm ET"
Latin AmericaPanama Launches Charm Offensive in First Bilateral Meeting With Trump AdministrationCentral American nation offers closer cooperation on migration and security while seeking to ease U.S. fears about Chinese influence over the Panama Canal.,"January 28, 2025 04:30 pm ET"
"EuropeEU Floats Simplification Plan for Companies’ Regulatory ComplianceThe effort has gained new urgency amid the second Trump administration, which has threatened Europe with tariffs for goods manufactured outside the U.S","January 29, 2025 02:19 pm ET"
"BusinessServiceNow Forecasts Slightly Slower Growth After Revenue JumpsServiceNow forecast slightly slower growth ahead, even as executives noted that the shakeup caused by artificial intelligence offers significant upside to the cloud-based software company.","January 29, 2025 05:41 pm ET"
ChinaChina’s Export Boom Means Trump Tariffs Would Hit Beijing Where It HurtsThe country’s economy is increasingly reliant on foreign demand for goods pouring out of Chinese factories.,"January 12, 2025 10:37 pm ET"
StreetwiseInvestors Bet Trump Will Make Europe Investable AgainThe big hope is that Europe will move faster to implement reforms in the face of competitive threats from the U.S.,"January 24, 2025 07:24 am ET"
World‘This One’s Mine.’ Ukraine Says Russia Is Executing More POWs and Capturing It on Video.Ukrainian officials say the killings are part of a pattern of abuse by Russian armed forces that violates international laws.,"January 24, 2025 03:16 pm ET"
"PoliticsU.S. Capitol Rioters Return to D.C.—This Time for Inaugural PartiesAs jubilant Trump die-hards, including Jan. 6 rioters, flooded into D.C. over the weekend, it felt like a wartime capital changing hands—one army in retreat, another preparing to claim its spoils.","January 20, 2025 05:30 am ET"
"BusinessCC Capital Partners Raises Offer for Insignia to $1.9 BillionThe proposal compares with a prior offer of A$4.30 per share, made by CC Capital and matched by Bain earlier this week.","January 16, 2025 06:41 pm ET"
LettersOpinion: The Risks of Secretary Robert F. Kennedy Jr.The issue isn’t only his troubling views but whether a complex federal agency can function effectively under his leadership.,"January 30, 2025 04:46 pm ET"
"EuropeEU’s Big Tech Antitrust Fines ‘Not a Tax’, Competition Chief Ribera SaysRibera said that regulators are “bound by the rule of law” and that it is the EU executive’s duty to protect consumers. Trump recently lashed out at the EU for its antitrust enforcement against U.S. businesses.","January 31, 2025 12:11 pm ET"
"LIVE COVERAGE POSTTrump Moves to End Birthright Citizenship, Send Troops to Border in Immigration Executive Orders","January 20, 2025 09:53 am ET"
"EconomyU.K. Government Backs Third Runway at HeathrowThe third runway is part of its drive to lift the U.K. economy out of a long period of stagnation, Treasury chief Rachel Reeves said in a speech on Wednesday.","January 29, 2025 07:05 am ET"
"Autos IndustryGeneral Motors Reaches Settlement With FTC for Selling Consumer DataGeneral Motors reached an agreement to settle allegations that the automaker shared drivers’ locations and behavior data without their consent, the Federal Trade Commission said.","January 16, 2025 05:24 pm ET"
Heard on the StreetDeepSeek’s Deeper Impact Is Positive for Some Hard-Hit StocksTSMC and other companies in the chip ecosystem could see even more business if AI becomes cheaper.,"January 28, 2025 09:27 am ET"
WorldThe Deep-Sea Battle Over the World’s Data Cables Is Heating UpA Russian spy ship seen in U.K. waters points to continuing worries over the safety of undersea cables that link the global economy.,"January 23, 2025 11:30 am ET"
Upward MobilityOpinion: Trump Delivers on His Promise to Dismantle DEIAn Inauguration Day executive order recognizes that Americans are eager to move beyond race.,"January 21, 2025 04:37 pm ET"
FinanceAmerican Express to Pay $230 Million in Fines for Aggressive Sales PracticesThe Wall Street Journal had reported on a series of deceptive and strong-arm tactics the card company used to increase small business sign-ups.,"January 16, 2025 03:11 pm ET"
Paid ProgramWhat Businesses Can Learn From Sports LeaguesWhat businesses can learn from a leading sports organization about building loyalty with customers using the cloud.,Tarih bulunamadı.
"BusinessCC Capital Partners Raises Offer for Insignia to $1.9 BillionThe proposal compares with a prior offer of A$4.30 per share, made by CC Capital and matched by Bain earlier this week.","January 16, 2025 06:41 pm ET"
"Private PropertiesAsking $66 Million: A Beverly Hills Mansion Built for Novelist Jackie CollinsThe current sellers spent around $25 million and five years gut-renovating the property, which is located in the Flats neighborhood","January 27, 2025 12:30 pm ET"
"PoliticsTop Trump Diplomat to Share Foreign-Policy Role With Army of EnvoysMarco Rubio used to clash with President-elect Donald Trump, but now seems headed toward Senate confirmation as secretary of state.","January 16, 2025 07:48 pm ET"
"House CallNaomi Watts on ‘Terrifying’ Wildfires, ‘Mulholland Drive’ and Her Friendship With Nicole KidmanThe actress talks about the Los Angeles area blazes, as well as her childhood and her new book on menopause.","January 21, 2025 11:00 am ET"
"Steven RosenbushDeepSeek’s Big Question: Where Does AI’s True Value Reside?The $1 trillion stock selloff sparked by startup DeepSeek’s powerful new reasoning model goes beyond questions of training costs and capital investment levels for artificial intelligence, and right to the heart of perhaps the biggest question of all for AI: Where does value in AI reside?","January 29, 2025 02:15 pm ET"
U.S.Freed Jan. 6 Convicts Are Back on the Street and Ready to Help TrumpSome in law enforcement fear a surge in violence by far-right groups; Proud Boys leader jokes he could serve in the cabinet as ‘Secretary of Retaliation.’,"January 23, 2025 09:16 pm ET"
"U.S.Trump Keeps Urging California to Turn on Its Giant ‘Faucet’The president’s repeated talk of a spigot, which he calls a faucet or valve, has been puzzling Californians and Canadians for some time. “I don’t really understand what he’s saying.”","January 24, 2025 10:00 am ET"
"Carry OnMy High-Stakes Gamble on a $99 a Night Last-Minute CruiseCruising is having a moment, making discounts harder to find. So I tried one tiny hack to the affordable last-minute cruise of your dreams: standby.","January 28, 2025 09:00 pm ET"
"FashionWhy Wealthy Men Love These $1,000 Pants That Feel ‘Like Pajamas’Comfy yet sufficiently dressy in wool, these five-pocket pants have affluent men reaching for their Black Cards. Why a little-known Italian brand’s $1,000 cashmere specimen is the most sought-after of all.","January 17, 2025 10:00 am ET"
"U.S.Our Reporter Deployed With an L.A. Fire-Damage Inspector. Here’s What He Saw.Tallying each property’s condition, the assessments can be a family’s first official word on whether their home—and neighborhood—was destroyed.","January 20, 2025 05:30 am ET"
Business WorldOpinion: A Lawfare Finale?Monday’s ugly pardons are why the press needs to do an honest job again.,"January 21, 2025 04:43 pm ET"
BusinessItaly’s Banca Ifis Bids For Illimity Amid Sector ConsolidationThe takeover offer values the specialty lender at around $309 million as banking consolidation in the country heats up.,"January 8, 2025 06:35 am ET"
"DesignConfessions of a Lightbulb HoarderWhen the Biden administration banned incandescent bulbs, I hoarded hundreds. If you’re not as nuts as I am—but still wary of LEDs, pros say try these warm workarounds.","January 31, 2025 05:30 pm ET"
BusinessFDA Allows Flavored Zyn Nicotine Pouches to Stay on the MarketThe agency found Zyn’s benefit as a safer alternative for adult cigarette smokers outweighs its risk to young people.,"January 16, 2025 01:10 pm ET"
Review & OutlookOpinion: Reality Bites UPS and the TeamstersThe company is laying off workers after its big contract payoff to the union.,"January 31, 2025 05:38 pm ET"
"Journal Reports: TechnologyYour Medical Records Are a Mess. Technology Can Help.The digitization of healthcare information was supposed to make it all so easy. It hasn’t yet, but it’s getting there.","October 24, 2024 11:00 am ET"
"Review & OutlookOpinion: America’s Schools Keep FlunkingNAEP reading scores continue to decline, years after Covid lockdowns.","January 29, 2025 06:11 pm ET"
WorldTrump Middle East Envoy Makes Rare Trip by U.S. Official to GazaSteve Witkoff visited the enclave to oversee the implementation of a fragile cease-fire between Israel and Hamas.,"January 29, 2025 03:10 pm ET"
"BusinessWaste Management Targets $450 Million in Savings From Automation Push, Job CutsWaste Management will shed 1,000 jobs this year, accelerating its automation efforts and moving the company closer to its goal of $450 million in cost cuts.","January 30, 2025 05:16 pm ET"
"ChinaCattle Gallstones, Worth Twice as Much as Gold, Drive a Global Smuggling FrenzyA prized ingredient in China’s multibillion-dollar industry for traditional medicine, gallstones have become the must-have item among underground traders and armed robbers in Brazil.","January 19, 2025 09:00 pm ET"
"Paid ProgramRiding the Tech Waves—From Smart Cities to Generative AIWhy generative AI reaches more people, inspires new innovation, and creates even more value.",Tarih bulunamadı.
WorldTrump Middle East Envoy Makes Rare Trip by U.S. Official to GazaSteve Witkoff visited the enclave to oversee the implementation of a fragile cease-fire between Israel and Hamas.,"January 29, 2025 03:10 pm ET"
"BusinessWaste Management Targets $450 Million in Savings From Automation Push, Job CutsWaste Management will shed 1,000 jobs this year, accelerating its automation efforts and moving the company closer to its goal of $450 million in cost cuts.","January 30, 2025 05:16 pm ET"
Middle EastIsraeli Cabinet Approves Gaza Deal as Hostage Release Draws NearNetanyahu’s office says the cease-fire agreement will go into effect Sunday.,"January 18, 2025 06:29 am ET"
"WSJ ProPro VC MA IPOsVenture Capitalists Make Small Investment in Rewrite Therapeutics Pay OffInvestors put $2.1 million into the biotech startup, which Intellia Therapeutics has bought for up to $200 million.","February 3, 2022 07:49 pm ET"
LIVE COVERAGE POSTCircle Donates $1 Million to Trump’s Inaugural Committee,"January 10, 2025 12:30 pm ET"
"TechTech, Media & Telecom Roundup: Market TalkFind insight on Intel, CGI, SiriusXM and more in the latest Market Talks covering technology, media and telecom.","January 30, 2025 04:56 pm ET"
WSJ ProPro Cyber NewsUnitedHealth Estimates Change Healthcare Hack Impacted About 190 Million PeopleOver half of the U.S. had private data stolen in a 2024 cyberattack at the insurance giant—far more than previous estimates.,"January 24, 2025 08:58 pm ET"
"BusinessAuto & Transport Roundup: Market TalkRead about Tesla, American Airlines, UPS and more in the latest Market Talks covering the auto and transport sectors.","January 30, 2025 04:58 pm ET"
"U.S. EconomyFed Stands Pat on Rates, Entering New Wait-and-See PhaseFed Chair Jerome Powell says, “We do not need to be in a hurry to adjust our policy stance.”","January 29, 2025 05:53 pm ET"
"U.S.Plane Crash Rips Through World of Elite Figure SkatingThe passengers on American Airlines Flight 5342 included some of America’s most promising young skaters and coaches, returning from a national training camp for up-and-coming talents.","January 30, 2025 03:13 pm ET"
DesignHow a Manhattan Art Collection Inspired the Design of a ‘Very Florida’ CondoA case study in how your old art from a previous residence can inspire your new home’s color scheme—and inform the choices of vastly different decor.,"January 31, 2025 11:45 am ET"
Whats News Business FinanceWhat’s News: Business & FinanceWhat’s News: Business & Finance,"January 7, 2025 12:01 am ET"
"SportsBirds vs. Behemoth: Do the Eagles Have a Super Bowl Shot Against the Chiefs?Philadelphia and Kansas City book a championship rematch—with NFL history on the line, plus a few new wrinkles.","January 27, 2025 08:00 am ET"
Review & OutlookOpinion: A Tale of Two State Insurance MarketsFlorida fixed its market with reforms. California didn’t. See the results.,"January 16, 2025 05:56 pm ET"
"TechApple Rolls Out Buy Now, Pay Later PlanThe tech company will let users apply for loans of as much $1,000 with no interest or fees.","March 28, 2023 04:17 pm ET"
"Turning PointsThey Cared for Each Other Into Their 80s. Then He Shot Her and Killed Himself.The strain of caregiving likely plays a role in murder-suicides among older adults, say researchers.","January 19, 2025 09:00 pm ET"
"MarketsChina Shares Rise, Dollar Weakens on Trump’s Latest Tariff RemarksStocks in China and Hong Kong rose on President Trump’s remark that he would rather not impose tariffs on China, suggesting the possibility of a trade deal.","January 23, 2025 11:51 pm ET"
"ScienceBennu Asteroid Contains Material Needed for Life, NASA Mission FindsThe discovery supports the theory that asteroids seeded life on Earth.","January 30, 2025 09:49 am ET"
Gas MarketsU.S. Natural Gas Futures Gain Ahead of Inventory DataU.S. natural gas futures snapped a two-day losing streak ahead of an inventory report that will likely show storage shifting from a surplus to a deficit against the five-year average.,"January 29, 2025 03:30 pm ET"
Logistics ReportNorfolk Southern Earnings Jump on Lower Operating ExpensesThe 40% improvement in operating earnings comes as the railroad settled a key claim over a 2023 Ohio derailment.,"January 29, 2025 03:46 pm ET"
Paid ProgramRedefining Resilience Is a Business ImperativeResilience allows companies to adapt and evolve with intention and purpose.,Tarih bulunamadı.
"Family & Tech: Julie JargonKids Turn to a Mental-Health Chatbot to Share Their AnxietiesPart counselor and part friend, Troodi talks with children about their worries and fears. “Sometimes I forget she’s not a real person,” says one teen.","January 11, 2025 05:30 am ET"
ScienceFoxes Dive Head First Into Snow to Catch Prey. Scientists Figured Out Why They Don’t Get Hurt.How foxes hunting for a hot meal in a wintry landscape use a technique called ‘mousing’ to great effect.,"January 16, 2025 11:26 am ET"
"Personal FinanceThe Reality of GoFundMe Is That Money Often Doesn’t Go to Those Who Need It MostCrowdfunding gives disaster victims a lifeline, but the results can be uneven.","January 17, 2025 05:30 am ET"
BusinessUnitedHealth’s Challenges With High Medical Costs ContinueThe company’s shares fell in premarket trading following the healthcare firms first earnings since the killing of executive Brian Thompson.,"January 16, 2025 10:54 am ET"
"StocksTexas Stock Exchange Startup Asks SEC to Clear 2026 LaunchWith $160 million in funding from Wall Street heavyweights, the startup’s CEO wants to challenge New York as a financial hub.","January 31, 2025 06:00 pm ET"
"TechThe Guy Behind DeepSeek Blurbed My Book in ChinaOn Friday, I had never heard of Liang Wenfeng. By Monday, I realized he knew a lot about my work—and I was scrambling to learn about his.","January 27, 2025 05:13 pm ET"
"FinanceWhat JPMorgan Earnings Tell Us About Household FinancesJPMorgan CEO Jamie Dimon said he is optimistic on the economy, but he noted that inflation and the war in Ukraine would be significant challenges.","April 13, 2022 10:11 am ET"
LIVE COVERAGE POSTWhat Bank Earnings Told Us About Americans' Finances,"October 15, 2024 02:36 pm ET"
BusinessWhat Happened After Florida Cracked Down on Illegal ImmigrationThe state’s experience is instructive as President-elect Donald Trump prepares to overhaul the U.S. immigration system.,"January 18, 2025 09:00 am ET"
"LIVE COVERAGE POSTTrump Set to Declare Energy Emergency, Aims to Boost U.S. Oil and Gas Production","January 20, 2025 01:22 pm ET"
Bookshelf‘Matter’: The Nothing at the Heart of EverythingContemporary physics still wrestles with a question posed by philosophers millennia ago: What is the universe made of?,"January 17, 2025 10:45 am ET"
"HealthOzempic Among the Next Drugs Up for Medicare Price NegotiationsThe list of drugs account for $41 billion in annual Medicare spending, the Biden administration said.","January 17, 2025 11:10 am ET"
"Future ViewOpinion: What Trump Can Do in His First 100 DaysStudents discuss Greenland, the Middle East and the potential for bipartisan backing for the President’s agenda.","January 21, 2025 05:57 pm ET"
BusinessFire at One of World’s Largest Battery Plants Prompts Evacuations in CaliforniaAuthorities haven’t determined what sparked the blaze.,"January 17, 2025 05:24 pm ET"
"Heard on the StreetAmex Has a First-Class Problem: Can Consumer Spending Really Keep Up?The card giant has set a high bar for growth, but there is rising uncertainty about 2025.","January 24, 2025 01:21 pm ET"
"Personal FinanceESG Roundup: Market TalkGain insight on the renewable energy market, EU regulations and the climate transition in the latest Market Talks covering ESG Impact Investing.","January 22, 2025 05:09 pm ET"
Central BanksBank of Canada Expects Quantitative-Tightening Program to End by MidyearThe central bank expects to be the first among major monetary authorities to unwind pandemic-era asset purchases.,"January 16, 2025 01:26 pm ET"
"PoliticsTrump’s New Targets in the Culture War: Brutalist Architecture and America’s Tallest MountainThe president’s preference for classical design for new federal buildings, and his revival of the name Mt. McKinley for North America’s tallest mountain, resume a larger conflict that raged during his first term in office.","January 26, 2025 05:30 am ET"
Review & OutlookOpinion: California’s Wildfire Insurance CatastropheThe state has refused to let insurers do proper pricing for risk. Homeowners and taxpayers will pay for the mistake.,"January 10, 2025 10:10 am ET"
"CFO JournalAmerican Airlines Names New CFO as It Looks to Cut DebtDevon May will take over as the airline’s chief financial officer on Jan. 1, succeeding Derek Kerr.","December 13, 2022 04:27 pm ET"
Paid ProgramModernizing Financial Services: Improving the Customer Experience With PersonalizationThe cloud helps financial institutions leverage their data to create personalized interactions across the customer journey.,Tarih bulunamadı.
"Future ViewOpinion: Facebook, ‘Fact Checking’ and Free SpeechStudents discuss Mark Zuckerberg’s decision on social-media moderation systems.","January 14, 2025 05:34 pm ET"
"BusinessAmerica Has Fallen in Love With Long-Shot Sports BetsParlays, the tough-to-win multipart wagers with tantalizing payouts, are bringing in casual and newbie gamblers, and betting companies are making a killing.","January 25, 2025 09:00 pm ET"
HomesThese L.A. Homeowners Installed Private Fire Hydrants. Here’s How They Fared.Our reporter caught up with a number of people who had prepared for wildfires with built-in systems. “I’m sleeping with one eye open.”,"January 16, 2025 03:10 pm ET"
"Off BrandAt the Trump Inauguration, Fashion Means BusinessA custom hat that was almost lost and a lingerie-inspired “shirt” that may still be at large: every inaugural fashion moment that nearly stole the show.","January 22, 2025 10:06 am ET"
"CryptocurrencySam Bankman-Fried Released on $250 Million BondThe FTX founder was ordered to stay in his parents’ Palo Alto, Calif., home after his first appearance in a New York federal court.","December 22, 2022 05:31 pm ET"
"MarketsBillion-Dollar Crypto Loan Easy to Get, Gone in a FlashFlash loans can have benefits, such as helping traders capitalize on price differences between cryptocurrencies on different exchanges. But flash loans have a dark side.","May 8, 2022 07:00 am ET"
PoliticsTed Cruz Leads Republican Charge to Defund Consumer-Protection AgencyThe CFPB—tasked to protect consumers from unfair banking practices—was created by Democrats in the wake of the 2008 financial crisis.,"January 29, 2025 04:56 pm ET"
"BusinessBasic Materials Roundup: Market TalkRead about Freeport-McMoRan, Salzgitter, London-listed miners and more in the latest Market Talks covering basic materials.","January 24, 2025 04:58 pm ET"
Bookshelf‘What the Chicken Knows’: Not So FeatherbrainedThe author of “The Soul of an Octopus” learns the language of the free-roaming hens outside her back door.,"January 17, 2025 10:09 am ET"
LettersOpinion: A Lesson for California From King CanuteHubris and humility.,"January 17, 2025 09:55 am ET"
"Review & OutlookOpinion: Tulsi Gabbard, Edward Snowden and IntelligenceDoes the U.S. want a director of national intelligence who excuses mass leaking of secrets?","January 28, 2025 06:24 pm ET"
"HealthHealth Care Roundup: Market TalkRead about AbbVie, Novartis, ResMed and more in the latest Market Talks covering the Health Care sector.","January 31, 2025 05:00 pm ET"
"Latin AmericaHow Javier Milei’s Tough Remake of Argentina Made Him a MAGA HeroOne year in, “El Loco” is curbing public spending, slashing red tape—and offering his services to Donald Trump.","January 21, 2025 09:00 pm ET"
"TechEU Steps Up Probe of Elon Musk’s X Ahead of Trump InaugurationThe European Commission has ramped up its investigation into Elon Musk’s X social network after the tech mogul criticized European governments in recent weeks, and just days before President-elect Donald Trump is set to return to the White House.","January 17, 2025 12:28 pm ET"
"DesignI’m an Avid Gardener. Why Can’t I Keep My Indoor Herb Garden Alive?Every winter, our garden-pro columnist attempts to grow greens in her kitchen, but her parsley darlings always wither. She sought out expert advice.","January 15, 2025 06:15 pm ET"
"PoliticsVenezuela Releases Six Americans to Trump Official Seeking Deportation DealThe U.S. pressed for the release of 15 American detainees, offering to extend sanctions exemptions for U.S. oil companies.","January 31, 2025 08:39 pm ET"
"Real EstateAfter the Fires, Bidding Wars and Cutthroat Demand Take Over L.A.’s Rental MarketThousands of displaced people need somewhere to live and they are entering the contest to find housing for the months—or even years—it will take for their homes and neighborhoods to be rebuilt.","January 16, 2025 09:00 pm ET"
"U.S.Trump Clemency Sparks Clash on Oath Keepers Visiting WashingtonA federal judge said the group’s founder, Stewart Rhodes, can’t travel to the nation’s capital without permission, prompting objections from a Trump-appointed prosecutor.","January 24, 2025 06:32 pm ET"
CFO JournalSouthwest Airlines CFO Tammy Romo to Retire as Airline Embarks on TurnaroundRomo is retiring after more than three decades with the carrier as it works on a turnaround after lagging behind some of its peers in recent years.,"January 9, 2025 04:10 pm ET"
Review & OutlookOpinion: The Undersea Cable WarRussia and China are suspected of targeting these key data channels.,"January 24, 2025 05:34 pm ET"
Paid ProgramBuilding a Culture of SecurityLearn how to build security into how your company makes decisions.,Tarih bulunamadı.
About FaceI Told My Son to Always Be Himself. Was I Wrong?Actors and teachers both pretend to be other people in order to find the truth.,"January 30, 2025 12:00 pm ET"
WSJ ProPro BankruptcyTexas Firm Sued for J.C. Penney Bankruptcy Fees Over Undisclosed RomanceJ.C. Penney’s bankruptcy administrators argue that fees should be returned after Jackson Walker didn’t disclose the romantic relationship between its then-partner Elizabeth Freeman and former judge David R. Jones.,"January 29, 2025 02:52 pm ET"
LIVE COVERAGE POSTWhat Pete Hegseth Has Said About Women in the Military and in Combat Roles,"January 14, 2025 11:31 am ET"
"MarketsIndia Embraces Stock Investing as Local Market SurgesIndian stocks have risen more than any other major market in the world this year and that is enticing millions of local investors to put their savings into equities, further buoying the market.","October 17, 2021 05:30 am ET"
"East is EastOpinion: Foreign Lessons in the Perils of DEI and Affirmative ActionThe Trump administration saves the U.S. from going the way of India, South Africa and Malaysia.","January 29, 2025 11:41 am ET"
"BusinessMicrosoft, AWS Could Face U.K. Watchdog Probe Into Cloud Services MarketMicrosoft and Amazon Web Services could face an investigation by U.K. regulators after an independent enquiry found that competition isn’t working in the cloud services market.","January 28, 2025 02:00 pm ET"
"Bookshelf‘The Missing Thread’: Women of War and EmpireQueen Teuta of Illyria held an audience with two Roman ambassadors. When one of them disrespected her, she had the envoy killed.","January 9, 2025 03:18 pm ET"
"Autos IndustryGM Signs Multibillion-Dollar Deal for Supply of EV Battery MaterialsThe deal, with Norway’s Vianode, is for delivery of a material critical for electric-vehicle batteries.","January 15, 2025 07:42 am ET"
Private PropertiesBillionaire Bill Koch Wants $125 Million for His Aspen CompoundThe industrialist is asking double the 2016 price tag of his Elk Mountain Lodge estate in Colorado.,"January 29, 2025 03:50 pm ET"
"BusinessPulteGroup Quarterly Results Top EstimatesPulteGroup was the latest home builder to show it is navigating through challenges in the tricky U.S. housing market, posting higher-than-expected quarterly results and forecasting a stable 2025.","January 30, 2025 02:03 pm ET"
Foreign ExchangeThe WSJ Dollar Index Falls 0.5% to 101.80The WSJ Dollar Index was down 0.5% to 101.80 — lower for two consecutive trading days.,"January 24, 2025 05:43 pm ET"
"BusinessBasic Materials Roundup: Market TalkFind insight on gold prices,  South32, Lynas Rare Earths and more in the latest Market Talks covering Basic Materials.","January 20, 2025 04:31 am ET"
"PoliticsTrump Proclaims ‘The Golden Age of America Begins Right Now’The incoming president capped a historic comeback, embarking on an agenda that includes mass deportations, tariffs and slashing the size of the federal government.","January 20, 2025 04:52 pm ET"
DavosSpain’s Prime Minister Pushes for EU Plan to Rein In Social MediaPedro Sanchez said the EU should put an end to anonymity of users in social-media platforms and hold their CEOs personally accountable if they fail to comply with regulations.,"January 22, 2025 11:25 am ET"
StocksAsia Tech Stocks Slump After DeepSeek’s Rise Triggers U.S. Chip SelloffTechnology stocks fell sharply in Asia after the emergence of Chinese artificial-intelligence startup DeepSeek triggered a selloff in AI-related stocks overnight and cast uncertainty over the rising demand for data centers.,"January 28, 2025 02:07 am ET"
PoliticsRival Republican Factions Fight for Trump’s ApprovalGroups head to Mar-a-Lago to lobby the president-elect on taxes and spending cuts.,"January 10, 2025 05:00 am ET"
SoccerThe Soccer Team That Perfected the Art of Winning Without the BallNottingham Forest is launching an unlikely challenge for a place in the Champions League—despite an approach entirely at odds with the game’s current obsession with beautiful soccer.,"January 14, 2025 06:05 pm ET"
Autos IndustryJeep Maker Stellantis Brings Back American Classics After CEO ExitThe automaker is moving to revive the Dodge and Chrysler labels after sales plummeted in 2024.,"January 21, 2025 05:30 am ET"
"FinanceAmericans Are Carrying Bigger Credit-Card BalancesAmericans are spending more on credit cards and carrying bigger balances month to month, with interest rates hovering near record highs.","January 25, 2025 05:30 am ET"
Wonder LandOpinion: Disrupter in Chief TrumpHe used to be accused of breaking norms. Now it’s ‘disruption.’ That’s progress.,"January 15, 2025 04:48 pm ET"
"Paid ProgramEmpowering Employees to Make Better, Faster DecisionsMaking data securely and easily accessible to all employees helps improve business outcomes and increases innovation.",Tarih bulunamadı.
U.S.What Six Families Took With Them as They Fled Los Angeles FiresFamilies fleeing wildfires earlier this month share what they packed when it was time to go.,"January 26, 2025 12:01 am ET"
FinanceActivist Ed Garden’s New Firm Launching Its First InvestmentGarden Investments plans to push for changes at kitchen-equipment maker Middleby.,"January 23, 2025 07:26 pm ET"
BusinessNovo Nordisk Shares Surge on New Obesity Drug ResultsNovo Nordisk shares rose sharply after the Danish pharmaceutical giant said an experimental weight-loss shot helped patients lose 22% of their body weight in a clinical trial.,"January 24, 2025 11:52 am ET"
BusinessRolls-Royce Strikes Contract to Supply Nuclear Reactors for U.K. SubmarinesRolls-Royce will manufacture nuclear reactors to power new U.K. submarines under a contract valued approximately at $11.1 billion.,"January 24, 2025 04:27 am ET"
"U.S.Congestion Pricing Has Eased NYC Traffic. Not Everyone Is Happy.Fans of the tolling system enjoyed easier drives, but some businesses reported a hit.","January 14, 2025 09:00 pm ET"
Middle EastIsraelis’ Joy at Hostage Release Is Weighed Down by DreadThe chaotic scenes as three women were released from Gaza left Israelis anxious about the days ahead and frustrated by the militant propaganda.,"January 20, 2025 08:04 am ET"
CFO JournalApplied Materials Uses Automation to Shift How Finance Workers Spend Their TimeChip equipment maker Applied Materials is using tools like robotic process automation and the cloud to reduce the time employees spend collecting data and increase the time they spend driving insights.,"February 17, 2022 07:30 am ET"
"BusinessApple CEO Cook’s 2024 Pay Rises 18% to $74.6 MillionTim Cook’s base salary of $3 million has remained unchanged in the past three years, but his total compensation has increased.","January 10, 2025 05:43 pm ET"
"CFO JournalZoomInfo Technologies Using New Financing to Help Pay for AI StartupThe business-intelligence platform, which is buying Chorus.ai for $575 million, on Tuesday raised about $500 million in debt.","July 13, 2021 07:19 pm ET"
"CFO Journal5 Things CFOs Should Know About Generative AIFinance chiefs weigh guardrails, financial risks and investment returns as they work to put new technology into practice.","September 1, 2023 05:30 am ET"
"HealthHealth Care Roundup: Market TalkFind insight on Novartis, GSK and more in the latest Market Talks covering Health Care.","January 21, 2025 06:54 am ET"
StocksChinese Shares Fall After Trump Repeats Tariff ThreatMarkets in China and Hong Kong fell Wednesday after U.S. President Trump reiterated a threat to impose an additional 10% tariff on Chinese goods.,"January 22, 2025 03:57 am ET"
"BusinessStarbucks Expecting Job Cuts by MarchStarbucks said it expects to eliminate jobs, without affecting in-store teams, as part of its broader effort to operate more efficiently.","January 17, 2025 04:44 pm ET"
"BookshelfPolitics: ‘The Power and the Money’ by Tevi TroyPlus ‘My Fellow Americans,’ a collection  of presidential inaugural addresses.","January 17, 2025 10:34 am ET"
"CIO JournalAMD Invests in Drug-Discovery Company Absci in Push to Sell AI ChipsThe $20 million deal gives the chip supplier a toehold in the life-sciences market, a strategy it plans to replicate in other industries.","January 8, 2025 06:32 am ET"
BookshelfMysteries: Scott Turow’s ‘Presumed Guilty’Plus Robert Crais’s “The Big Empty” and Jonathan Ames’s “Karma Doll.”,"January 17, 2025 10:07 am ET"
"PoliticsTrump’s Immigration Playbook: Breaking Down His Moves This WeekThe president has issued directives to expedite the removal of millions of undocumented immigrants from the U.S., which has immigrant groups bracing for raids.","January 23, 2025 02:57 pm ET"
"Review & OutlookOpinion: A Genocide Ignored in SudanCivilians killed by ‘the color of their skin,’ as the world vilifies Israel.","January 13, 2025 05:36 pm ET"
"BusinessBurberry Sees Positive Signs as Turnaround Plan ContinuesThe company upgraded its earnings outlook as sales returned to growth in the Americas, saying efforts to revamp its brand showed positive signs over the key holiday period.","January 24, 2025 04:31 am ET"
Paid Program3 Ways to Improve IT ResilienceWhy organizations should leverage cloud solutions to protect their applications and prepare for the unknown.,Tarih bulunamadı.
"WorldTrump, China’s Xi Speak Ahead of InaugurationChinese leader Xi Jinping spoke with President-elect Donald Trump on Friday on the heels of Beijing’s plan to dispatch the nation’s vice president to next week’s inauguration.","January 17, 2025 12:07 pm ET"
Property ReportHotel Sellers Use Car-Sales Model to Finance Lodging DealsThe lodging industry is under such stress that some property sellers are willing to lend to prospective hotel buyers the way auto dealers finance vehicle sales: Offer cheap rates and sometimes with little money down.,"February 23, 2021 05:30 am ET"
"MarketsRobinhood Stock Drops After News of Early Investors Set to Sell SharesThe investing platform’s shares fell after a filing with the SEC indicated that early investors in the company can sell up to about 98 million shares, currently valued at almost $5 billion, over time.","August 5, 2021 05:04 pm ET"
LettersOpinion: Burford Capital Responds on Sysco LitigationThe suit is exemplary only of an admitted breach of contract.,"March 30, 2023 11:43 am ET"
"PoliticsTrump’s Immigration Playbook: Breaking Down His Moves This WeekThe president has issued directives to expedite the removal of millions of undocumented immigrants from the U.S., which has immigrant groups bracing for raids.","January 23, 2025 02:57 pm ET"
Middle EastWhat Syria’s Secret Police Saw as the Regime CrumbledHastily abandoned documents show how the fallen government’s vast intelligence apparatus struggled to comprehend and stop the rapid rebel advance.,"January 29, 2025 09:00 pm ET"
"TechTikTok Users Flee to a Chinese App: ‘RedNote’Chinese users of Xiaohongshu, or Little Red Book, welcome Americans fleeing a feared TikTok ban.","January 13, 2025 11:10 pm ET"
LettersOpinion: California’s Violent Contact With RealityThat hurricane-force winds were coming to Southern California was well known for days to all of us who live here.,"January 14, 2025 03:16 pm ET"
CommentaryOpinion: What’s Trump Trying to Say? Ask a Doctor‘Differential diagnosis’ can help make sense of the president-elect’s ambiguous words.,"January 17, 2025 02:16 pm ET"
"EuropePutin’s Torturers Couldn’t Break These Ukrainian PrisonersFormer POWs detail cruel methods, including beatings and electric shocks from a field telephone known as “a call to Putin.”","January 20, 2025 11:00 pm ET"
"Best of the WebOpinion: Democrat Speaks Freely, But How Does He Vote?Talking about female sports seems easier than protecting them.","January 23, 2025 12:17 pm ET"
"Latin AmericaAmerica’s Fraught, Sometimes Deadly, History With the Panama CanalPresident Trump’s push to take back control of the strategic waterway stokes memories of a period of U.S. imperial ambition and violence.","January 22, 2025 11:00 pm ET"
Review & OutlookOpinion: The Spending Freeze PanicTrump’s pause on federal grants wasn’t illegal and didn’t even affect most spending.,"January 29, 2025 06:13 pm ET"
PoliticsTrump Sows Fear Among Migrants With Shock-and-Awe Deportation CampaignOfficials are calling attention to raids and pursuing deportations beyond immigrant hubs.,"January 29, 2025 05:00 am ET"
"LettersOpinion: Readers Ponder Elizabeth Warren’s ChutzpahIf the economy is rigged, what’s she been doing all this time?","January 16, 2025 02:04 pm ET"
"AsiaThe Underground Network Sneaking Nvidia Chips Into ChinaA barely concealed network of buyers, sellers and couriers is bypassing the Biden administration’s restrictions aimed at denying China access to the highly coveted products, The Wall Street Journal has found.","July 2, 2024 10:23 pm ET"
"SoccerThe Most Chaotic Night in Champions League History Has ArrivedWhen European soccer officials tweaked the format of their top club tournament, fans rolled their eyes. Now, after four months of competition, it has delivered a day of unprecedented drama.","January 28, 2025 11:00 am ET"
Pro BankruptcyCovid-19 Treatment Developer Humanigen Files for BankruptcyCalifornia-based company says FDA’s rejection of lenzilumab is a major cause of its financial troubles.,"January 4, 2024 04:32 pm ET"
Wonder LandOpinion: Farewell to ThursdaysThere is no greater adrenaline rush than meeting a daily newspaper’s deadline.,"January 29, 2025 04:54 pm ET"
"Best of the WebOpinion: Trump, New Jersey and the ‘War on Stupidity’Another setback for inefficient power generation.","January 30, 2025 06:20 pm ET"
Paid Program3 Ways to Improve IT ResilienceWhy organizations should leverage cloud solutions to protect their applications and prepare for the unknown.,Tarih bulunamadı.
"TechApple Is Shutting Down Its Buy Now, Pay Later ServiceThe decision comes just over a year after Apple Pay Later was introduced.","June 17, 2024 06:23 pm ET"
Politics & IdeasOpinion: Trump’s Attack on Birthright CitizenshipThe 14th Amendment and court precedent run counter to the president’s order.,"January 28, 2025 02:00 pm ET"
"Logistics ReportSupply Chain Turmoil Is Shifting U.S. Imports From Coast to CoastShipping volumes into the West Coast soared last year, a sign of growing flexibility in importing networks.","January 31, 2025 04:11 pm ET"
"Middle EastEpic Construction Site in the Saudi Desert Is a Hazard for WorkersGang rape, suicides and highway deaths plague Neom, the futuristic vision of Crown Prince Mohammed.","January 30, 2025 01:51 pm ET"
"Heard on the StreetCredit Deals Are Going Private, Leaving Wall Street in the ColdLeveraged buyouts were funded almost entirely by private credit late in the year, which could be a worrisome trend for Wall Street.","December 29, 2022 07:00 am ET"
"BusinessTarget Drops DEI Goals and Ends Program to Boost Black SuppliersOnce a stalwart supporter of Black and LGBTQ rights, the retailer joined American corporations’ retreat from DEI initiatives.","January 24, 2025 05:11 pm ET"
"PoliticsTrump’s Ukraine Envoy Has a Hard Climb to Any Peace DealRetired Lt. Gen. Keith Kellogg has a plan for ending the war, but President Trump will control the talks.","January 22, 2025 12:10 am ET"
DealsActivist Investor Calls for Overhaul of Korean Tobacco Giant KT&GAn investment firm started by former Carlyle executive Sanghyun Lee has bought a roughly 1% stake and is pressing for emphasis on alternative tobacco products and a spinoff of its ginseng business.,"October 25, 2022 04:00 pm ET"
"The Intelligent InvestorWhat You Don’t Know Could Sting Your PortfolioAfter all my years of writing about investing, I had no idea what was going on behind the scenes. I doubt you did, either.","January 17, 2025 12:29 pm ET"
BusinessAdani Companies Plan $2.6 Billion Stock Sale in Wake of Market RoutThe Indian conglomerate was hit hard by a short-seller report earlier this year.,"May 13, 2023 09:26 am ET"
"BusinessMeta’s Revised Pay-Or-Consent Model Criticized by European Consumer GroupThe group has urged EU regulators to take action against Meta Platforms over the data-tracking policy, alleging it may violate consumer, data protection and competition laws.","January 23, 2025 01:54 am ET"
"ChinaAmerican TikTokers Get a Taste of Chinese Censorship as They Rush to RedNoteUsers looking for a TikTok alternative learn about daily life in China, but some posts are taboo.","January 20, 2025 10:58 am ET"
BusinessSouth Carolina to Reboot Giant Nuclear Project to Meet AI DemandSantee Cooper is working with bankers to solicit interest in V.C. Summer.,"January 22, 2025 12:48 pm ET"
HealthTrump Order Seeks to Stop Virus Research That Critics Have Linked to CovidAn executive order is in the works that would halt U.S. funding for research that makes viruses that are more virulent or contagious.,"January 22, 2025 06:24 pm ET"
Inside ViewOpinion: Trump Tariffs Are a Wealth KillerTwo centuries of experience proves the economic foolishness of taxing imports.,"January 26, 2025 04:27 pm ET"
CommentaryOpinion: Trump’s Reprieve for TikTok Is LegitimateThe Constitution gives the president broad discretion in enforcing the law and conducting foreign affairs.,"January 26, 2025 03:55 pm ET"
EssayWhy Trump’s ‘One Big Beautiful Bill’ Is Bad for DemocracyResearch shows that bundling unrelated policy proposals into a single law makes it easy to thwart what most voters—and lawmakers—actually want.,"January 16, 2025 11:00 am ET"
"TechTech, Media & Telecom Roundup: Market TalkFind insight on Netflix, U.S. advertising spending, AI joint venture Stargate and more in the latest Market Talks covering Technology, Media and Telecom.","January 22, 2025 04:56 pm ET"
Keywords: Christopher MimsHow a Little-Known Finnish Company Became One of the World’s Hottest Gadget StartupsOura’s smart ring measures heart health and can predict when you may be getting sick,"January 17, 2025 09:00 pm ET"
"FashionWant a Modern Style Upgrade? Try Looking to Menswear’s PastA fresh generation of stylish men is embracing “old-fashioned” accessories like cuff links, money clips and pocket squares. Here, how to sport them without feeling like you’re in costume.","January 10, 2025 04:15 pm ET"
Paid ProgramRedefining Cybersecurity With Application ContainmentWhy applications are an easy entryway for cyberthreats.,Tarih bulunamadı.
"Oil MarketsU.S. Crude Oil Stockpiles Extend DeclineU.S. crude oil inventories fell for an eighth consecutive week amid declines in imports and domestic production, while product stocks saw further large weekly builds.","January 15, 2025 11:11 am ET"
"PoliticsHow MAGA Is Taking Back the CultureIn sports, entertainment and marketing, displays of conservatism are crowding out progressive postures.","January 19, 2025 09:13 pm ET"
Film Review‘Night Call’ Review: A Breathless Tour of BrusselsBelgian writer-director Michiel Blanchart’s thriller follows a young locksmith caught in the midst of criminals and protesters.,"January 16, 2025 01:46 pm ET"
"U.S.Trump to Begin Large-Scale Deportations TuesdayThe incoming Trump administration is planning a large-scale immigration raid in Chicago next week, the first move in President-elect Donald Trump’s promised mass deportation campaign.","January 17, 2025 11:11 pm ET"
Credit MarketsChina Evergrande Breaks Silence on Debt-Restructuring PlanThe troubled property developer sketched out the first contours of a long-awaited restructuring plan.,"July 29, 2022 04:15 pm ET"
"EuropeRussia to Halt Nord Stream Gas Flows to Europe, Citing Pipeline MaintenanceUnexpected three-day maintenance shutdown later this month on the Nord Stream pipeline fans fears that Russian natural-gas cuts will tip Europe into a recession.","August 19, 2022 05:38 pm ET"
"BusinessFive Takeaways From Bill Gates’s Interview With The Wall Street JournalThe billionaire philanthropist speaks about his early years, geopolitics, past mistakes and how he isn’t always checking his phone.","January 26, 2025 05:30 am ET"
"Personal FinanceWhat Wildfires Mean for America’s Home-Insurance BillsWith insured losses ballooning, home-insurance rates in places like Vermont and Virginia are rising, too.","January 10, 2025 09:19 am ET"
TennisJannik Sinner Cruises to Australian Open TitleThe world No. 1 put on a clinical display to brush aside Alexander Zverev and lift the third major trophy of his young career.,"January 26, 2025 07:39 am ET"
Middle EastIran Races to Sell Oil Stored in ChinaTehran has shipped out nearly 3 million barrels to raise money that could be used to shore up its allied militias in the Middle East.,"January 11, 2025 07:00 am ET"
CommentaryOpinion: Trump Sets Out to Break Burdensome RulesHe hits the ground running as he targets costly and harmful federal regulations.,"January 22, 2025 04:35 pm ET"
"FinanceWall Street’s Pre-Eminent Short Seller Is Calling It QuitsHindenburg Research founder Nate Anderson, a foe of Carl Icahn and the Adani family, cites the stress of his job as he shuts down the firm.","January 15, 2025 04:27 pm ET"
"CorrectionsCorrections & AmplificationsCorrections & Amplifications for the edition of Jan. 8, 2025","January 7, 2025 06:14 pm ET"
"BusinessEnergy & Utilities Roundup: Market TalkFind insight on oil prices, Orsted, Seatrium and more in the latest Market Talks covering Energy and Utilities.","January 21, 2025 04:53 pm ET"
"U.S. EconomyBalance of Power Shifts Back Toward BossesWith the labor market less tight, workers face return-to-office mandates, smaller bonuses, and no more pet sick days.","January 13, 2025 09:00 pm ET"
"LettersOpinion: Forget Biden, Blame All the President’s MenThe president’s bitterness was also LBJ’s.","January 14, 2025 03:15 pm ET"
"FinanceWorld’s Oldest Bank Joins Rush to Consolidate European LendingMonte dei Paschi launched a near-$14 billion offer to buy counterpart Mediobanca, a fresh twist in the consolidation of Italy’s crowded banking market.","January 24, 2025 07:46 am ET"
"PoliticsWhy Donald Trump Is Racing So Fast to Remake AmericaThe president has a short window to fulfill a long list of promises that include fixing illegal immigration, slashing government spending and ending the war in Ukraine.","January 24, 2025 09:00 pm ET"
Economic DataU.S. Services Sector Picks Up Pace Ahead of Trump Inauguration But Inflation Fears LingerU.S. services activity increased more than expected last month as the Federal Reserve trimmed borrowing costs again and firms prepared for a new administration in Washington.,"January 7, 2025 10:41 am ET"
"MarketsThe Score: Goldman Sachs, Nvidia, UnitedHealth and More Stocks That Defined the WeekHere are some of the major companies whose stocks moved on the week’s news.","January 17, 2025 05:13 pm ET"
"Paid ProgramGlobal Wealth Management Finds a Home in Hong KongHong Kong's edge lies in tax incentives, connectivity and an innovative wealth management ecosystem.",Tarih bulunamadı.
